Workbook

Sheet Graphs
B2: Scenario 5 St1 = 0.4 | C2: Scenario 5 St1 = 0.5 | D2: Scenario 6 St1 = 0.4 | E2: Scenario 6 St1 = 0.5
A3: 0 | B3: ='Scenario 5 - St1 0.4'!Q14 -> 197.5 | C3: ='Scenario 5 - St1 0.5'!Q14 -> 196.5 | D3: ='Scenario 6 - St1 0.4'!Q14 -> 200 | E3: ='Scenario 6 - St1 0.5'!Q14 -> 200
A4: 0.01 | B4: ='Scenario 5 - St1 0.4'!Q15 -> 197.5098 | C4: ='Scenario 5 - St1 0.5'!Q15 -> 196.50983 | D4: ='Scenario 6 - St1 0.4'!Q15 -> 200.00948 | E4: ='Scenario 6 - St1 0.5'!Q15 -> 200.00948
A5: =A4+0.01 -> 0.02 | B5: ='Scenario 5 - St1 0.4'!Q16 -> 197.53848 | C5: ='Scenario 5 - St1 0.5'!Q16 -> 196.53869 | D5: ='Scenario 6 - St1 0.4'!Q16 -> 200.03603 | E5: ='Scenario 6 - St1 0.5'!Q16 -> 200.03603
A6: =A5+0.01 -> 0.03 | B6: ='Scenario 5 - St1 0.4'!Q17 -> 197.58505 | C6: ='Scenario 5 - St1 0.5'!Q17 -> 196.58573 | D6: ='Scenario 6 - St1 0.4'!Q17 -> 200.0772 | E6: ='Scenario 6 - St1 0.5'!Q17 -> 200.07721
A7: =A6+0.01 -> 0.04 | B7: ='Scenario 5 - St1 0.4'!Q18 -> 197.64862 | C7: ='Scenario 5 - St1 0.5'!Q18 -> 196.65018 | D7: ='Scenario 6 - St1 0.4'!Q18 -> 200.13101 | E7: ='Scenario 6 - St1 0.5'!Q18 -> 200.13101
A8: =A7+0.01 -> 0.05 | B8: ='Scenario 5 - St1 0.4'!Q19 -> 197.72844 | C8: ='Scenario 5 - St1 0.5'!Q19 -> 196.73137 | D8: ='Scenario 6 - St1 0.4'!Q19 -> 200.19579 | E8: ='Scenario 6 - St1 0.5'!Q19 -> 200.19579
A9: =A8+0.01 -> 0.06 | B9: ='Scenario 5 - St1 0.4'!Q20 -> 197.82381 | C9: ='Scenario 5 - St1 0.5'!Q20 -> 196.82869 | D9: ='Scenario 6 - St1 0.4'!Q20 -> 200.27014 | E9: ='Scenario 6 - St1 0.5'!Q20 -> 200.27015
A10: =A9+0.01 -> 0.07 | B10: ='Scenario 5 - St1 0.4'!Q21 -> 197.93413 | C10: ='Scenario 5 - St1 0.5'!Q21 -> 196.94162 | D10: ='Scenario 6 - St1 0.4'!Q21 -> 200.35289 | E10: ='Scenario 6 - St1 0.5'!Q21 -> 200.3529
A11: =A10+0.01 -> 0.08 | B11: ='Scenario 5 - St1 0.4'!Q22 -> 198.05885 | C11: ='Scenario 5 - St1 0.5'!Q22 -> 197.06967 | D11: ='Scenario 6 - St1 0.4'!Q22 -> 200.44302 | E11: ='Scenario 6 - St1 0.5'!Q22 -> 200.44304
A12: =A11+0.01 -> 0.09 | B12: ='Scenario 5 - St1 0.4'!Q23 -> 198.19746 | C12: ='Scenario 5 - St1 0.5'!Q23 -> 197.21237 | D12: ='Scenario 6 - St1 0.4'!Q23 -> 200.53964 | E12: ='Scenario 6 - St1 0.5'!Q23 -> 200.53966
A13: =A12+0.01 -> 0.1 | B13: ='Scenario 5 - St1 0.4'!Q24 -> 198.34949 | C13: ='Scenario 5 - St1 0.5'!Q24 -> 197.36933 | D13: ='Scenario 6 - St1 0.4'!Q24 -> 200.64196 | E13: ='Scenario 6 - St1 0.5'!Q24 -> 200.64199
A14: =A13+0.01 -> 0.11 | B14: ='Scenario 5 - St1 0.4'!Q25 -> 198.51451 | C14: ='Scenario 5 - St1 0.5'!Q25 -> 197.54015 | D14: ='Scenario 6 - St1 0.4'!Q25 -> 200.74926 | E14: ='Scenario 6 - St1 0.5'!Q25 -> 200.74931
A15: =A14+0.01 -> 0.12 | B15: ='Scenario 5 - St1 0.4'!Q26 -> 198.69212 | C15: ='Scenario 5 - St1 0.5'!Q26 -> 197.72448 | D15: ='Scenario 6 - St1 0.4'!Q26 -> 200.86087 | E15: ='Scenario 6 - St1 0.5'!Q26 -> 200.86094
A16: =A15+0.01 -> 0.13 | B16: ='Scenario 5 - St1 0.4'!Q27 -> 198.88192 | C16: ='Scenario 5 - St1 0.5'!Q27 -> 197.92196 | D16: ='Scenario 6 - St1 0.4'!Q27 -> 200.97617 | E16: ='Scenario 6 - St1 0.5'!Q27 -> 200.97626
... A103: =A102+0.01 -> 1 | B103: ='Scenario 5 - St1 0.4'!Q114 -> 110.00659 | C103: ='Scenario 5 - St1 0.5'!Q114 -> 109.02029 | D103: ='Scenario 6 - St1 0.4'!Q114 -> 112.49912 | E103: ='Scenario 6 - St1 0.5'!Q114 -> 112.49761

Sheet Scenario 5 - St1 0.4
C1: Lambda | D1: Relative Hybrid | E1: Relative Conventional | F1: gains | G1: losses | H1: GAINS | I1: LOSSES | J1: GAINS - LOSSES | K1: u(g) | L1: u(l) | M1: P(j) | N1: EU_j | O1: U(G) * Pj | P1: U(L)*(1-Pj) | Q1: EU_j
B3: X_i^0 | C3: Y_i^0 | D3: X_j^0 | E3: Y_j^0
B4: 5 | C4: 50 | D4: 5 | E4: 30
B6: X_i | C6: Y_i | D6: X_j | E6: Y_j | F6: B_j
B7: 0 | C7: 0 | D7: 5 | E7: 0 | F7: 200
B9: X_i_Tot | C9: Y_i_Tot | D9: X_j_Tot | E9: Y_j_Tot | G9: C_j | K9: Resolve | M9: Threshold s_t_0 | N9: Threshold (s_t)
B10: =B4+B7 -> 5 | C10: =C4+C7 -> 50 | D10: =D4+D7 -> 10 | E10: =E4+E7 -> 30 | G10: =F7-0.5*D7-E7 -> 197.5 | K10: 1 | M10: 0.4 | N10: 0.65 | Q10: Max EU_j | R10: =MAX(Q14:Q114) -> 207.42951
C13: Lambda | D13: Relative Hybrid | E13: Relative Conventional | F13: gains | G13: losses | H13: GAINS | I13: LOSSES | J13: GAINS - LOSSES | K13: u(g) | L13: u(l) | M13: P(j) | N13: EU_j | O13: U(G) * Pj | P13: U(L)*(1-Pj) | Q13: EU_j
B14: 0 | C14: =1-1/(1+EXP(-20*(B14-(($N$10+$M$10)/2)))) -> 0.99997246 | D14: =$D$10/($D$10+$B$10) -> 0.66666667 | E14: =$E$10/($E$10+$C$10) -> 0.375 | F14: =B14^2*0.5 -> 0 | G14: =-(B14^4) -> 0 | H14: =F14*$F$7 -> 0 | I14: =G14*$F$7 -> 0 | J14: =H14+I14 -> 0 | K14: =$G$10+H14*$K$10 -> 197.5 | L14: =$G$10+I14 -> 197.5 | M14: =C14*D14^(1-EXP(-5*B14))+(1-C14)*E14 -> 0.99998279 | N14: =M14*K14+(1-M14)*L14 -> 197.5 | O14: =K14*M14 -> 197.4966 | P14: =(1-M14)*L14 -> 0.0033989369 | Q14: =P14+O14 -> 197.5
B15: 0.01 | C15: =1-1/(1+EXP(-20*(B15-(($N$10+$M$10)/2)))) -> 0.99996637 | D15: =$D$10/($D$10+$B$10) -> 0.66666667 | E15: =$E$10/($E$10+$C$10) -> 0.375 | F15: =B15^2*0.5 -> 5e-05 | G15: =-(B15^4) -> -1e-08 | H15: =F15*$F$7 -> 0.01 | I15: =G15*$F$7 -> -2e-06 | J15: =H15+I15 -> 0.009998 | K15: =$G$10+H15*$K$10 -> 197.51 | L15: =$G$10+I15 -> 197.5 | M15: =C15*D15^(1-EXP(-5*B15))+(1-C15)*E15 -> 0.98039911 | N15: =M15*K15+(1-M15)*L15 -> 197.5098 | O15: =K15*M15 -> 193.63863 | P15: =(1-M15)*L15 -> 3.8711757 | Q15: =P15+O15 -> 197.5098
B16: =B15+0.01 -> 0.02 | C16: =1-1/(1+EXP(-20*(B16-(($N$10+$M$10)/2)))) -> 0.99995892 | D16: =$D$10/($D$10+$B$10) -> 0.66666667 | E16: =$E$10/($E$10+$C$10) -> 0.375 | F16: =B16^2*0.5 -> 0.0002 | G16: =-(B16^4) -> -1.6e-07 | H16: =F16*$F$7 -> 0.04 | I16: =G16*$F$7 -> -3.2e-05 | J16: =H16+I16 -> 0.039968 | K16: =$G$10+H16*$K$10 -> 197.54 | L16: =$G$10+I16 -> 197.49997 | M16: =C16*D16^(1-EXP(-5*B16))+(1-C16)*E16 -> 0.9621257 | N16: =M16*K16+(1-M16)*L16 -> 197.53848 | O16: =K16*M16 -> 190.05831 | P16: =(1-M16)*L16 -> 7.4801736 | Q16: =P16+O16 -> 197.53848
B17: =B16+0.01 -> 0.03 | C17: =1-1/(1+EXP(-20*(B17-(($N$10+$M$10)/2)))) -> 0.99994983 | D17: =$D$10/($D$10+$B$10) -> 0.66666667 | E17: =$E$10/($E$10+$C$10) -> 0.375 | F17: =B17^2*0.5 -> 0.00045 | G17: =-(B17^4) -> -8.1e-07 | H17: =F17*$F$7 -> 0.09 | I17: =G17*$F$7 -> -0.000162 | J17: =H17+I17 -> 0.089838 | K17: =$G$10+H17*$K$10 -> 197.59 | L17: =$G$10+I17 -> 197.49984 | M17: =C17*D17^(1-EXP(-5*B17))+(1-C17)*E17 -> 0.94505862 | N17: =M17*K17+(1-M17)*L17 -> 197.58505 | O17: =K17*M17 -> 186.73413 | P17: =(1-M17)*L17 -> 10.850913 | Q17: =P17+O17 -> 197.58505
B18: =B17+0.01 -> 0.04 | C18: =1-1/(1+EXP(-20*(B18-(($N$10+$M$10)/2)))) -> 0.99993872 | D18: =$D$10/($D$10+$B$10) -> 0.66666667 | E18: =$E$10/($E$10+$C$10) -> 0.375 | F18: =B18^2*0.5 -> 0.0008 | G18: =-(B18^4) -> -2.56e-06 | H18: =F18*$F$7 -> 0.16 | I18: =G18*$F$7 -> -0.000512 | J18: =H18+I18 -> 0.159488 | K18: =$G$10+H18*$K$10 -> 197.66 | L18: =$G$10+I18 -> 197.49949 | M18: =C18*D18^(1-EXP(-5*B18))+(1-C18)*E18 -> 0.92910372 | N18: =M18*K18+(1-M18)*L18 -> 197.64862 | O18: =K18*M18 -> 183.64664 | P18: =(1-M18)*L18 -> 14.00198 | Q18: =P18+O18 -> 197.64862
B19: =B18+0.01 -> 0.05 | C19: =1-1/(1+EXP(-20*(B19-(($N$10+$M$10)/2)))) -> 0.99992515 | D19: =$D$10/($D$10+$B$10) -> 0.66666667 | E19: =$E$10/($E$10+$C$10) -> 0.375 | F19: =B19^2*0.5 -> 0.00125 | G19: =-(B19^4) -> -6.25e-06 | H19: =F19*$F$7 -> 0.25 | I19: =G19*$F$7 -> -0.00125 | J19: =H19+I19 -> 0.24875 | K19: =$G$10+H19*$K$10 -> 197.75 | L19: =$G$10+I19 -> 197.49875 | M19: =C19*D19^(1-EXP(-5*B19))+(1-C19)*E19 -> 0.9141755 | N19: =M19*K19+(1-M19)*L19 -> 197.72844 | O19: =K19*M19 -> 180.77821 | P19: =(1-M19)*L19 -> 16.950231 | Q19: =P19+O19 -> 197.72844
B20: =B19+0.01 -> 0.06 | C20: =1-1/(1+EXP(-20*(B20-(($N$10+$M$10)/2)))) -> 0.99990858 | D20: =$D$10/($D$10+$B$10) -> 0.66666667 | E20: =$E$10/($E$10+$C$10) -> 0.375 | F20: =B20^2*0.5 -> 0.0018 | G20: =-(B20^4) -> -1.296e-05 | H20: =F20*$F$7 -> 0.36 | I20: =G20*$F$7 -> -0.002592 | J20: =H20+I20 -> 0.357408 | K20: =$G$10+H20*$K$10 -> 197.86 | L20: =$G$10+I20 -> 197.49741 | M20: =C20*D20^(1-EXP(-5*B20))+(1-C20)*E20 -> 0.90019623 | N20: =M20*K20+(1-M20)*L20 -> 197.82381 | O20: =K20*M20 -> 178.11283 | P20: =(1-M20)*L20 -> 19.710986 | Q20: =P20+O20 -> 197.82381
B21: =B20+0.01 -> 0.07 | C21: =1-1/(1+EXP(-20*(B21-(($N$10+$M$10)/2)))) -> 0.99988835 | D21: =$D$10/($D$10+$B$10) -> 0.66666667 | E21: =$E$10/($E$10+$C$10) -> 0.375 | F21: =B21^2*0.5 -> 0.00245 | G21: =-(B21^4) -> -2.401e-05 | H21: =F21*$F$7 -> 0.49 | I21: =G21*$F$7 -> -0.004802 | J21: =H21+I21 -> 0.485198 | K21: =$G$10+H21*$K$10 -> 197.99 | L21: =$G$10+I21 -> 197.4952 | M21: =C21*D21^(1-EXP(-5*B21))+(1-C21)*E21 -> 0.88709506 | N21: =M21*K21+(1-M21)*L21 -> 197.93413 | O21: =K21*M21 -> 175.63595 | P21: =(1-M21)*L21 -> 22.298184 | Q21: =P21+O21 -> 197.93413
B22: =B21+0.01 -> 0.08 | C22: =1-1/(1+EXP(-20*(B22-(($N$10+$M$10)/2)))) -> 0.99986363 | D22: =$D$10/($D$10+$B$10) -> 0.66666667 | E22: =$E$10/($E$10+$C$10) -> 0.375 | F22: =B22^2*0.5 -> 0.0032 | G22: =-(B22^4) -> -4.096e-05 | H22: =F22*$F$7 -> 0.64 | I22: =G22*$F$7 -> -0.008192 | J22: =H22+I22 -> 0.631808 | K22: =$G$10+H22*$K$10 -> 198.14 | L22: =$G$10+I22 -> 197.49181 | M22: =C22*D22^(1-EXP(-5*B22))+(1-C22)*E22 -> 0.87480731 | N22: =M22*K22+(1-M22)*L22 -> 198.05885 | O22: =K22*M22 -> 173.33432 | P22: =(1-M22)*L22 -> 24.724532 | Q22: =P22+O22 -> 198.05885
B23: =B22+0.01 -> 0.09 | C23: =1-1/(1+EXP(-20*(B23-(($N$10+$M$10)/2)))) -> 0.99983344 | D23: =$D$10/($D$10+$B$10) -> 0.66666667 | E23: =$E$10/($E$10+$C$10) -> 0.375 | F23: =B23^2*0.5 -> 0.00405 | G23: =-(B23^4) -> -6.561e-05 | H23: =F23*$F$7 -> 0.81 | I23: =G23*$F$7 -> -0.013122 | J23: =H23+I23 -> 0.796878 | K23: =$G$10+H23*$K$10 -> 198.31 | L23: =$G$10+I23 -> 197.48688 | M23: =C23*D23^(1-EXP(-5*B23))+(1-C23)*E23 -> 0.86327381 | N23: =M23*K23+(1-M23)*L23 -> 198.19746 | O23: =K23*M23 -> 171.19583 | P23: =(1-M23)*L23 -> 27.001628 | Q23: =P23+O23 -> 198.19746
B24: =B23+0.01 -> 0.1 | C24: =1-1/(1+EXP(-20*(B24-(($N$10+$M$10)/2)))) -> 0.99979657 | D24: =$D$10/($D$10+$B$10) -> 0.66666667 | E24: =$E$10/($E$10+$C$10) -> 0.375 | F24: =B24^2*0.5 -> 0.005 | G24: =-(B24^4) -> -0.0001 | H24: =F24*$F$7 -> 1 | I24: =G24*$F$7 -> -0.02 | J24: =H24+I24 -> 0.98 | K24: =$G$10+H24*$K$10 -> 198.5 | L24: =$G$10+I24 -> 197.48 | M24: =C24*D24^(1-EXP(-5*B24))+(1-C24)*E24 -> 0.85244035 | N24: =M24*K24+(1-M24)*L24 -> 198.34949 | O24: =K24*M24 -> 169.20941 | P24: =(1-M24)*L24 -> 29.14008 | Q24: =P24+O24 -> 198.34949
B25: =B24+0.01 -> 0.11 | C25: =1-1/(1+EXP(-20*(B25-(($N$10+$M$10)/2)))) -> 0.99975154 | D25: =$D$10/($D$10+$B$10) -> 0.66666667 | E25: =$E$10/($E$10+$C$10) -> 0.375 | F25: =B25^2*0.5 -> 0.00605 | G25: =-(B25^4) -> -0.00014641 | H25: =F25*$F$7 -> 1.21 | I25: =G25*$F$7 -> -0.029282 | J25: =H25+I25 -> 1.180718 | K25: =$G$10+H25*$K$10 -> 198.71 | L25: =$G$10+I25 -> 197.47072 | M25: =C25*D25^(1-EXP(-5*B25))+(1-C25)*E25 -> 0.84225711 | N25: =M25*K25+(1-M25)*L25 -> 198.51451 | O25: =K25*M25 -> 167.36491 | P25: =(1-M25)*L25 -> 31.149601 | Q25: =P25+O25 -> 198.51451
B26: =B25+0.01 -> 0.12 | C26: =1-1/(1+EXP(-20*(B26-(($N$10+$M$10)/2)))) -> 0.99969655 | D26: =$D$10/($D$10+$B$10) -> 0.66666667 | E26: =$E$10/($E$10+$C$10) -> 0.375 | F26: =B26^2*0.5 -> 0.0072 | G26: =-(B26^4) -> -0.00020736 | H26: =F26*$F$7 -> 1.44 | I26: =G26*$F$7 -> -0.041472 | J26: =H26+I26 -> 1.398528 | K26: =$G$10+H26*$K$10 -> 198.94 | L26: =$G$10+I26 -> 197.45853 | M26: =C26*D26^(1-EXP(-5*B26))+(1-C26)*E26 -> 0.83267825 | N26: =M26*K26+(1-M26)*L26 -> 198.69212 | O26: =K26*M26 -> 165.65301 | P26: =(1-M26)*L26 -> 33.039106 | Q26: =P26+O26 -> 198.69212
B27: =B26+0.01 -> 0.13 | C27: =1-1/(1+EXP(-20*(B27-(($N$10+$M$10)/2)))) -> 0.99962939 | D27: =$D$10/($D$10+$B$10) -> 0.66666667 | E27: =$E$10/($E$10+$C$10) -> 0.375 | F27: =B27^2*0.5 -> 0.00845 | G27: =-(B27^4) -> -0.00028561 | H27: =F27*$F$7 -> 1.69 | I27: =G27*$F$7 -> -0.057122 | J27: =H27+I27 -> 1.632878 | K27: =$G$10+H27*$K$10 -> 199.19 | L27: =$G$10+I27 -> 197.44288 | M27: =C27*D27^(1-EXP(-5*B27))+(1-C27)*E27 -> 0.82366145 | N27: =M27*K27+(1-M27)*L27 -> 198.88192 | O27: =K27*M27 -> 164.06513 | P27: =(1-M27)*L27 -> 34.81679 | Q27: =P27+O27 -> 198.88192
... B114: =B113+0.01 -> 1 | C114: =1-1/(1+EXP(-20*(B114-(($N$10+$M$10)/2)))) -> 7.4846228e-05 | D114: =$D$10/($D$10+$B$10) -> 0.66666667 | E114: =$E$10/($E$10+$C$10) -> 0.375 | F114: =B114^2*0.5 -> 0.5 | G114: =-(B114^4) -> -1 | H114: =F114*$F$7 -> 100 | I114: =G114*$F$7 -> -200 | J114: =H114+I114 -> -100 | K114: =$G$10+H114*$K$10 -> 297.5 | L114: =$G$10+I114 -> -2.5 | M114: =C114*D114^(1-EXP(-5*B114))+(1-C114)*E114 -> 0.37502197 | N114: =M114*K114+(1-M114)*L114 -> 110.00659 | O114: =K114*M114 -> 111.56904 | P114: =(1-M114)*L114 -> -1.5624451 | Q114: =P114+O114 -> 110.00659

Sheet Scenario 5 - St1 0.5
C1: Lambda | D1: Relative Hybrid | E1: Relative Conventional | F1: gains | G1: losses | H1: GAINS | I1: LOSSES | J1: GAINS - LOSSES | K1: u(g) | L1: u(l) | M1: P(j) | N1: EU_j | O1: U(G) * Pj | P1: U(L)*(1-Pj) | Q1: EU_j
B3: X_i^0 | C3: Y_i^0 | D3: X_j^0 | E3: Y_j^0
B4: 5 | C4: 50 | D4: 5 | E4: 30
B6: X_i | C6: Y_i | D6: X_j | E6: Y_j | F6: B_j
B7: 0 | C7: 0 | D7: 7 | E7: 0 | F7: 200
B9: X_i_Tot | C9: Y_i_Tot | D9: X_j_Tot | E9: Y_j_Tot | G9: C_j | K9: Resolve | M9: Threshold s_t_0 | N9: Threshold (s_t)
B10: =B4+B7 -> 5 | C10: =C4+C7 -> 50 | D10: =D4+D7 -> 12 | E10: =E4+E7 -> 30 | G10: =F7-0.5*D7-E7 -> 196.5 | K10: 1 | M10: 0.5 | N10: 0.65 | Q10: Max EU_j | R10: =MAX(Q14:Q114) -> 208.88798
C13: Lambda | D13: Relative Hybrid | E13: Relative Conventional | F13: gains | G13: losses | H13: GAINS | I13: LOSSES | J13: GAINS - LOSSES | K13: u(g) | L13: u(l) | M13: P(j) | N13: EU_j | O13: U(G) * Pj | P13: U(L)*(1-Pj) | Q13: EU_j
B14: 0 | C14: =1-1/(1+EXP(-20*(B14-(($N$10+$M$10)/2)))) -> 0.99998987 | D14: =$D$10/($D$10+$B$10) -> 0.70588235 | E14: =$E$10/($E$10+$C$10) -> 0.375 | F14: =B14^2*0.5 -> 0 | G14: =-(B14^4) -> 0 | H14: =F14*$F$7 -> 0 | I14: =G14*$F$7 -> 0 | J14: =H14+I14 -> 0 | K14: =$G$10+H14*$K$10 -> 196.5 | L14: =$G$10+I14 -> 196.5 | M14: =C14*D14^(1-EXP(-5*B14))+(1-C14)*E14 -> 0.99999367 | N14: =M14*K14+(1-M14)*L14 -> 196.5 | O14: =K14*M14 -> 196.49876 | P14: =(1-M14)*L14 -> 0.0012440895 | Q14: =P14+O14 -> 196.5
B15: 0.01 | C15: =1-1/(1+EXP(-20*(B15-(($N$10+$M$10)/2)))) -> 0.99998763 | D15: =$D$10/($D$10+$B$10) -> 0.70588235 | E15: =$E$10/($E$10+$C$10) -> 0.375 | F15: =B15^2*0.5 -> 5e-05 | G15: =-(B15^4) -> -1e-08 | H15: =F15*$F$7 -> 0.01 | I15: =G15*$F$7 -> -2e-06 | J15: =H15+I15 -> 0.009998 | K15: =$G$10+H15*$K$10 -> 196.51 | L15: =$G$10+I15 -> 196.5 | M15: =C15*D15^(1-EXP(-5*B15))+(1-C15)*E15 -> 0.98314883 | N15: =M15*K15+(1-M15)*L15 -> 196.50983 | O15: =K15*M15 -> 193.19858 | P15: =(1-M15)*L15 -> 3.3112558 | Q15: =P15+O15 -> 196.50983
B16: =B15+0.01 -> 0.02 | C16: =1-1/(1+EXP(-20*(B16-(($N$10+$M$10)/2)))) -> 0.99998489 | D16: =$D$10/($D$10+$B$10) -> 0.70588235 | E16: =$E$10/($E$10+$C$10) -> 0.375 | F16: =B16^2*0.5 -> 0.0002 | G16: =-(B16^4) -> -1.6e-07 | H16: =F16*$F$7 -> 0.04 | I16: =G16*$F$7 -> -3.2e-05 | J16: =H16+I16 -> 0.039968 | K16: =$G$10+H16*$K$10 -> 196.54 | L16: =$G$10+I16 -> 196.49997 | M16: =C16*D16^(1-EXP(-5*B16))+(1-C16)*E16 -> 0.96738858 | N16: =M16*K16+(1-M16)*L16 -> 196.53869 | O16: =K16*M16 -> 190.13055 | P16: =(1-M16)*L16 -> 6.408142 | Q16: =P16+O16 -> 196.53869
B17: =B16+0.01 -> 0.03 | C17: =1-1/(1+EXP(-20*(B17-(($N$10+$M$10)/2)))) -> 0.99998154 | D17: =$D$10/($D$10+$B$10) -> 0.70588235 | E17: =$E$10/($E$10+$C$10) -> 0.375 | F17: =B17^2*0.5 -> 0.00045 | G17: =-(B17^4) -> -8.1e-07 | H17: =F17*$F$7 -> 0.09 | I17: =G17*$F$7 -> -0.000162 | J17: =H17+I17 -> 0.089838 | K17: =$G$10+H17*$K$10 -> 196.59 | L17: =$G$10+I17 -> 196.49984 | M17: =C17*D17^(1-EXP(-5*B17))+(1-C17)*E17 -> 0.95263111 | N17: =M17*K17+(1-M17)*L17 -> 196.58573 | O17: =K17*M17 -> 187.27775 | P17: =(1-M17)*L17 -> 9.3079798 | Q17: =P17+O17 -> 196.58573
B18: =B17+0.01 -> 0.04 | C18: =1-1/(1+EXP(-20*(B18-(($N$10+$M$10)/2)))) -> 0.99997746 | D18: =$D$10/($D$10+$B$10) -> 0.70588235 | E18: =$E$10/($E$10+$C$10) -> 0.375 | F18: =B18^2*0.5 -> 0.0008 | G18: =-(B18^4) -> -2.56e-06 | H18: =F18*$F$7 -> 0.16 | I18: =G18*$F$7 -> -0.000512 | J18: =H18+I18 -> 0.159488 | K18: =$G$10+H18*$K$10 -> 196.66 | L18: =$G$10+I18 -> 196.49949 | M18: =C18*D18^(1-EXP(-5*B18))+(1-C18)*E18 -> 0.93880186 | N18: =M18*K18+(1-M18)*L18 -> 196.65018 | O18: =K18*M18 -> 184.62477 | P18: =(1-M18)*L18 -> 12.025403 | Q18: =P18+O18 -> 196.65018
B19: =B18+0.01 -> 0.05 | C19: =1-1/(1+EXP(-20*(B19-(($N$10+$M$10)/2)))) -> 0.99997246 | D19: =$D$10/($D$10+$B$10) -> 0.70588235 | E19: =$E$10/($E$10+$C$10) -> 0.375 | F19: =B19^2*0.5 -> 0.00125 | G19: =-(B19^4) -> -6.25e-06 | H19: =F19*$F$7 -> 0.25 | I19: =G19*$F$7 -> -0.00125 | J19: =H19+I19 -> 0.24875 | K19: =$G$10+H19*$K$10 -> 196.75 | L19: =$G$10+I19 -> 196.49875 | M19: =C19*D19^(1-EXP(-5*B19))+(1-C19)*E19 -> 0.92583287 | N19: =M19*K19+(1-M19)*L19 -> 196.73137 | O19: =K19*M19 -> 182.15762 | P19: =(1-M19)*L19 -> 14.573749 | Q19: =P19+O19 -> 196.73137
B20: =B19+0.01 -> 0.06 | C20: =1-1/(1+EXP(-20*(B20-(($N$10+$M$10)/2)))) -> 0.99996637 | D20: =$D$10/($D$10+$B$10) -> 0.70588235 | E20: =$E$10/($E$10+$C$10) -> 0.375 | F20: =B20^2*0.5 -> 0.0018 | G20: =-(B20^4) -> -1.296e-05 | H20: =F20*$F$7 -> 0.36 | I20: =G20*$F$7 -> -0.002592 | J20: =H20+I20 -> 0.357408 | K20: =$G$10+H20*$K$10 -> 196.86 | L20: =$G$10+I20 -> 196.49741 | M20: =C20*D20^(1-EXP(-5*B20))+(1-C20)*E20 -> 0.913662 | N20: =M20*K20+(1-M20)*L20 -> 196.82869 | O20: =K20*M20 -> 179.8635 | P20: =(1-M20)*L20 -> 16.965193 | Q20: =P20+O20 -> 196.82869
B21: =B20+0.01 -> 0.07 | C21: =1-1/(1+EXP(-20*(B21-(($N$10+$M$10)/2)))) -> 0.99995892 | D21: =$D$10/($D$10+$B$10) -> 0.70588235 | E21: =$E$10/($E$10+$C$10) -> 0.375 | F21: =B21^2*0.5 -> 0.00245 | G21: =-(B21^4) -> -2.401e-05 | H21: =F21*$F$7 -> 0.49 | I21: =G21*$F$7 -> -0.004802 | J21: =H21+I21 -> 0.485198 | K21: =$G$10+H21*$K$10 -> 196.99 | L21: =$G$10+I21 -> 196.4952 | M21: =C21*D21^(1-EXP(-5*B21))+(1-C21)*E21 -> 0.90223242 | N21: =M21*K21+(1-M21)*L21 -> 196.94162 | O21: =K21*M21 -> 177.73076 | P21: =(1-M21)*L21 -> 19.21086 | Q21: =P21+O21 -> 196.94162
B22: =B21+0.01 -> 0.08 | C22: =1-1/(1+EXP(-20*(B22-(($N$10+$M$10)/2)))) -> 0.99994983 | D22: =$D$10/($D$10+$B$10) -> 0.70588235 | E22: =$E$10/($E$10+$C$10) -> 0.375 | F22: =B22^2*0.5 -> 0.0032 | G22: =-(B22^4) -> -4.096e-05 | H22: =F22*$F$7 -> 0.64 | I22: =G22*$F$7 -> -0.008192 | J22: =H22+I22 -> 0.631808 | K22: =$G$10+H22*$K$10 -> 197.14 | L22: =$G$10+I22 -> 196.49181 | M22: =C22*D22^(1-EXP(-5*B22))+(1-C22)*E22 -> 0.89149201 | N22: =M22*K22+(1-M22)*L22 -> 197.06967 | O22: =K22*M22 -> 175.74873 | P22: =(1-M22)*L22 -> 21.320931 | Q22: =P22+O22 -> 197.06967
B23: =B22+0.01 -> 0.09 | C23: =1-1/(1+EXP(-20*(B23-(($N$10+$M$10)/2)))) -> 0.99993872 | D23: =$D$10/($D$10+$B$10) -> 0.70588235 | E23: =$E$10/($E$10+$C$10) -> 0.375 | F23: =B23^2*0.5 -> 0.00405 | G23: =-(B23^4) -> -6.561e-05 | H23: =F23*$F$7 -> 0.81 | I23: =G23*$F$7 -> -0.013122 | J23: =H23+I23 -> 0.796878 | K23: =$G$10+H23*$K$10 -> 197.31 | L23: =$G$10+I23 -> 196.48688 | M23: =C23*D23^(1-EXP(-5*B23))+(1-C23)*E23 -> 0.88139293 | N23: =M23*K23+(1-M23)*L23 -> 197.21237 | O23: =K23*M23 -> 173.90764 | P23: =(1-M23)*L23 -> 23.304733 | Q23: =P23+O23 -> 197.21237
B24: =B23+0.01 -> 0.1 | C24: =1-1/(1+EXP(-20*(B24-(($N$10+$M$10)/2)))) -> 0.99992515 | D24: =$D$10/($D$10+$B$10) -> 0.70588235 | E24: =$E$10/($E$10+$C$10) -> 0.375 | F24: =B24^2*0.5 -> 0.005 | G24: =-(B24^4) -> -0.0001 | H24: =F24*$F$7 -> 1 | I24: =G24*$F$7 -> -0.02 | J24: =H24+I24 -> 0.98 | K24: =$G$10+H24*$K$10 -> 197.5 | L24: =$G$10+I24 -> 196.48 | M24: =C24*D24^(1-EXP(-5*B24))+(1-C24)*E24 -> 0.87189117 | N24: =M24*K24+(1-M24)*L24 -> 197.36933 | O24: =K24*M24 -> 172.19851 | P24: =(1-M24)*L24 -> 25.170822 | Q24: =P24+O24 -> 197.36933
B25: =B24+0.01 -> 0.11 | C25: =1-1/(1+EXP(-20*(B25-(($N$10+$M$10)/2)))) -> 0.99990858 | D25: =$D$10/($D$10+$B$10) -> 0.70588235 | E25: =$E$10/($E$10+$C$10) -> 0.375 | F25: =B25^2*0.5 -> 0.00605 | G25: =-(B25^4) -> -0.00014641 | H25: =F25*$F$7 -> 1.21 | I25: =G25*$F$7 -> -0.029282 | J25: =H25+I25 -> 1.180718 | K25: =$G$10+H25*$K$10 -> 197.71 | L25: =$G$10+I25 -> 196.47072 | M25: =C25*D25^(1-EXP(-5*B25))+(1-C25)*E25 -> 0.86294622 | N25: =M25*K25+(1-M25)*L25 -> 197.54015 | O25: =K25*M25 -> 170.6131 | P25: =(1-M25)*L25 -> 26.927054 | Q25: =P25+O25 -> 197.54015
B26: =B25+0.01 -> 0.12 | C26: =1-1/(1+EXP(-20*(B26-(($N$10+$M$10)/2)))) -> 0.99988835 | D26: =$D$10/($D$10+$B$10) -> 0.70588235 | E26: =$E$10/($E$10+$C$10) -> 0.375 | F26: =B26^2*0.5 -> 0.0072 | G26: =-(B26^4) -> -0.00020736 | H26: =F26*$F$7 -> 1.44 | I26: =G26*$F$7 -> -0.041472 | J26: =H26+I26 -> 1.398528 | K26: =$G$10+H26*$K$10 -> 197.94 | L26: =$G$10+I26 -> 196.45853 | M26: =C26*D26^(1-EXP(-5*B26))+(1-C26)*E26 -> 0.85452067 | N26: =M26*K26+(1-M26)*L26 -> 197.72448 | O26: =K26*M26 -> 169.14382 | P26: =(1-M26)*L26 -> 28.580655 | Q26: =P26+O26 -> 197.72448
B27: =B26+0.01 -> 0.13 | C27: =1-1/(1+EXP(-20*(B27-(($N$10+$M$10)/2)))) -> 0.99986363 | D27: =$D$10/($D$10+$B$10) -> 0.70588235 | E27: =$E$10/($E$10+$C$10) -> 0.375 | F27: =B27^2*0.5 -> 0.00845 | G27: =-(B27^4) -> -0.00028561 | H27: =F27*$F$7 -> 1.69 | I27: =G27*$F$7 -> -0.057122 | J27: =H27+I27 -> 1.632878 | K27: =$G$10+H27*$K$10 -> 198.19 | L27: =$G$10+I27 -> 196.44288 | M27: =C27*D27^(1-EXP(-5*B27))+(1-C27)*E27 -> 0.84657996 | N27: =M27*K27+(1-M27)*L27 -> 197.92196 | O27: =K27*M27 -> 167.78368 | P27: =(1-M27)*L27 -> 30.138275 | Q27: =P27+O27 -> 197.92196
... B114: =B113+0.01 -> 1 | C114: =1-1/(1+EXP(-20*(B114-(($N$10+$M$10)/2)))) -> 0.00020342698 | D114: =$D$10/($D$10+$B$10) -> 0.70588235 | E114: =$E$10/($E$10+$C$10) -> 0.375 | F114: =B114^2*0.5 -> 0.5 | G114: =-(B114^4) -> -1 | H114: =F114*$F$7 -> 100 | I114: =G114*$F$7 -> -200 | J114: =H114+I114 -> -100 | K114: =$G$10+H114*$K$10 -> 296.5 | L114: =$G$10+I114 -> -3.5 | M114: =C114*D114^(1-EXP(-5*B114))+(1-C114)*E114 -> 0.37506765 | N114: =M114*K114+(1-M114)*L114 -> 109.02029 | O114: =K114*M114 -> 111.20756 | P114: =(1-M114)*L114 -> -2.1872632 | Q114: =P114+O114 -> 109.02029

Sheet Scenario 5 - St1 0.5 P_j 0.25
C1: Lambda | D1: Relative Hybrid | E1: Relative Conventional | F1: gains | G1: losses | H1: GAINS | I1: LOSSES | J1: GAINS - LOSSES | K1: u(g) | L1: u(l) | M1: P(j) | N1: EU_j | O1: U(G) * Pj | P1: U(L)*(1-Pj) | Q1: EU_j
B3: X_i^0 | C3: Y_i^0 | D3: X_j^0 | E3: Y_j^0
B4: 5 | C4: 50 | D4: 5 | E4: 30
B6: X_i | C6: Y_i | D6: X_j | E6: Y_j | F6: B_j
B7: 0 | C7: 0 | D7: 14 | E7: 0 | F7: 200
B9: X_i_Tot | C9: Y_i_Tot | D9: X_j_Tot | E9: Y_j_Tot | G9: C_j | K9: Resolve | M9: Threshold s_t_0 | N9: Threshold (s_t)
B10: =B4+B7 -> 5 | C10: =C4+C7 -> 50 | D10: =D4+D7 -> 19 | E10: =E4+E7 -> 30 | G10: =F7-0.25*D7-E7 -> 196.5 | K10: 1 | M10: 0.5 | N10: 0.65 | Q10: Max EU_j | R10: =MAX(Q14:Q114) -> 211.30703
C13: Lambda | D13: Relative Hybrid | E13: Relative Conventional | F13: gains | G13: losses | H13: GAINS | I13: LOSSES | J13: GAINS - LOSSES | K13: u(g) | L13: u(l) | M13: P(j) | N13: EU_j | O13: U(G) * Pj | P13: U(L)*(1-Pj) | Q13: EU_j
B14: 0 | C14: =1-1/(1+EXP(-20*(B14-(($N$10+$M$10)/2)))) -> 0.99998987 | D14: =$D$10/($D$10+$B$10) -> 0.79166667 | E14: =$E$10/($E$10+$C$10) -> 0.375 | F14: =B14^2*0.5 -> 0 | G14: =-(B14^4) -> 0 | H14: =F14*$F$7 -> 0 | I14: =G14*$F$7 -> 0 | J14: =H14+I14 -> 0 | K14: =$G$10+H14*$K$10 -> 196.5 | L14: =$G$10+I14 -> 196.5 | M14: =C14*D14^(1-EXP(-5*B14))+(1-C14)*E14 -> 0.99999367 | N14: =M14*K14+(1-M14)*L14 -> 196.5 | O14: =K14*M14 -> 196.49876 | P14: =(1-M14)*L14 -> 0.0012440895 | Q14: =P14+O14 -> 196.5
B15: 0.01 | C15: =1-1/(1+EXP(-20*(B15-(($N$10+$M$10)/2)))) -> 0.99998763 | D15: =$D$10/($D$10+$B$10) -> 0.79166667 | E15: =$E$10/($E$10+$C$10) -> 0.375 | F15: =B15^2*0.5 -> 5e-05 | G15: =-(B15^4) -> -1e-08 | H15: =F15*$F$7 -> 0.01 | I15: =G15*$F$7 -> -2e-06 | J15: =H15+I15 -> 0.009998 | K15: =$G$10+H15*$K$10 -> 196.51 | L15: =$G$10+I15 -> 196.5 | M15: =C15*D15^(1-EXP(-5*B15))+(1-C15)*E15 -> 0.98866354 | N15: =M15*K15+(1-M15)*L15 -> 196.50989 | O15: =K15*M15 -> 194.28227 | P15: =(1-M15)*L15 -> 2.227615 | Q15: =P15+O15 -> 196.50989
B16: =B15+0.01 -> 0.02 | C16: =1-1/(1+EXP(-20*(B16-(($N$10+$M$10)/2)))) -> 0.99998489 | D16: =$D$10/($D$10+$B$10) -> 0.79166667 | E16: =$E$10/($E$10+$C$10) -> 0.375 | F16: =B16^2*0.5 -> 0.0002 | G16: =-(B16^4) -> -1.6e-07 | H16: =F16*$F$7 -> 0.04 | I16: =G16*$F$7 -> -3.2e-05 | J16: =H16+I16 -> 0.039968 | K16: =$G$10+H16*$K$10 -> 196.54 | L16: =$G$10+I16 -> 196.49997 | M16: =C16*D16^(1-EXP(-5*B16))+(1-C16)*E16 -> 0.97800479 | N16: =M16*K16+(1-M16)*L16 -> 196.53912 | O16: =K16*M16 -> 192.21706 | P16: =(1-M16)*L16 -> 4.3220579 | Q16: =P16+O16 -> 196.53912
B17: =B16+0.01 -> 0.03 | C17: =1-1/(1+EXP(-20*(B17-(($N$10+$M$10)/2)))) -> 0.99998154 | D17: =$D$10/($D$10+$B$10) -> 0.79166667 | E17: =$E$10/($E$10+$C$10) -> 0.375 | F17: =B17^2*0.5 -> 0.00045 | G17: =-(B17^4) -> -8.1e-07 | H17: =F17*$F$7 -> 0.09 | I17: =G17*$F$7 -> -0.000162 | J17: =H17+I17 -> 0.089838 | K17: =$G$10+H17*$K$10 -> 196.59 | L17: =$G$10+I17 -> 196.49984 | M17: =C17*D17^(1-EXP(-5*B17))+(1-C17)*E17 -> 0.96797212 | N17: =M17*K17+(1-M17)*L17 -> 196.58711 | O17: =K17*M17 -> 190.29364 | P17: =(1-M17)*L17 -> 6.293473 | Q17: =P17+O17 -> 196.58711
B18: =B17+0.01 -> 0.04 | C18: =1-1/(1+EXP(-20*(B18-(($N$10+$M$10)/2)))) -> 0.99997746 | D18: =$D$10/($D$10+$B$10) -> 0.79166667 | E18: =$E$10/($E$10+$C$10) -> 0.375 | F18: =B18^2*0.5 -> 0.0008 | G18: =-(B18^4) -> -2.56e-06 | H18: =F18*$F$7 -> 0.16 | I18: =G18*$F$7 -> -0.000512 | J18: =H18+I18 -> 0.159488 | K18: =$G$10+H18*$K$10 -> 196.66 | L18: =$G$10+I18 -> 196.49949 | M18: =C18*D18^(1-EXP(-5*B18))+(1-C18)*E18 -> 0.95852377 | N18: =M18*K18+(1-M18)*L18 -> 196.65334 | O18: =K18*M18 -> 188.50329 | P18: =(1-M18)*L18 -> 8.150057 | Q18: =P18+O18 -> 196.65334
B19: =B18+0.01 -> 0.05 | C19: =1-1/(1+EXP(-20*(B19-(($N$10+$M$10)/2)))) -> 0.99997246 | D19: =$D$10/($D$10+$B$10) -> 0.79166667 | E19: =$E$10/($E$10+$C$10) -> 0.375 | F19: =B19^2*0.5 -> 0.00125 | G19: =-(B19^4) -> -6.25e-06 | H19: =F19*$F$7 -> 0.25 | I19: =G19*$F$7 -> -0.00125 | J19: =H19+I19 -> 0.24875 | K19: =$G$10+H19*$K$10 -> 196.75 | L19: =$G$10+I19 -> 196.49875 | M19: =C19*D19^(1-EXP(-5*B19))+(1-C19)*E19 -> 0.94962122 | N19: =M19*K19+(1-M19)*L19 -> 196.73734 | O19: =K19*M19 -> 186.83798 | P19: =(1-M19)*L19 -> 9.8993663 | Q19: =P19+O19 -> 196.73734
B20: =B19+0.01 -> 0.06 | C20: =1-1/(1+EXP(-20*(B20-(($N$10+$M$10)/2)))) -> 0.99996637 | D20: =$D$10/($D$10+$B$10) -> 0.79166667 | E20: =$E$10/($E$10+$C$10) -> 0.375 | F20: =B20^2*0.5 -> 0.0018 | G20: =-(B20^4) -> -1.296e-05 | H20: =F20*$F$7 -> 0.36 | I20: =G20*$F$7 -> -0.002592 | J20: =H20+I20 -> 0.357408 | K20: =$G$10+H20*$K$10 -> 196.86 | L20: =$G$10+I20 -> 196.49741 | M20: =C20*D20^(1-EXP(-5*B20))+(1-C20)*E20 -> 0.94122887 | N20: =M20*K20+(1-M20)*L20 -> 196.83869 | O20: =K20*M20 -> 185.29032 | P20: =(1-M20)*L20 -> 11.548374 | Q20: =P20+O20 -> 196.83869
B21: =B20+0.01 -> 0.07 | C21: =1-1/(1+EXP(-20*(B21-(($N$10+$M$10)/2)))) -> 0.99995892 | D21: =$D$10/($D$10+$B$10) -> 0.79166667 | E21: =$E$10/($E$10+$C$10) -> 0.375 | F21: =B21^2*0.5 -> 0.00245 | G21: =-(B21^4) -> -2.401e-05 | H21: =F21*$F$7 -> 0.49 | I21: =G21*$F$7 -> -0.004802 | J21: =H21+I21 -> 0.485198 | K21: =$G$10+H21*$K$10 -> 196.99 | L21: =$G$10+I21 -> 196.4952 | M21: =C21*D21^(1-EXP(-5*B21))+(1-C21)*E21 -> 0.93331378 | N21: =M21*K21+(1-M21)*L21 -> 196.957 | O21: =K21*M21 -> 183.85348 | P21: =(1-M21)*L21 -> 13.103522 | Q21: =P21+O21 -> 196.957
B22: =B21+0.01 -> 0.08 | C22: =1-1/(1+EXP(-20*(B22-(($N$10+$M$10)/2)))) -> 0.99994983 | D22: =$D$10/($D$10+$B$10) -> 0.79166667 | E22: =$E$10/($E$10+$C$10) -> 0.375 | F22: =B22^2*0.5 -> 0.0032 | G22: =-(B22^4) -> -4.096e-05 | H22: =F22*$F$7 -> 0.64 | I22: =G22*$F$7 -> -0.008192 | J22: =H22+I22 -> 0.631808 | K22: =$G$10+H22*$K$10 -> 197.14 | L22: =$G$10+I22 -> 196.49181 | M22: =C22*D22^(1-EXP(-5*B22))+(1-C22)*E22 -> 0.92584543 | N22: =M22*K22+(1-M22)*L22 -> 197.09193 | O22: =K22*M22 -> 182.52117 | P22: =(1-M22)*L22 -> 14.570766 | Q22: =P22+O22 -> 197.09193
B23: =B22+0.01 -> 0.09 | C23: =1-1/(1+EXP(-20*(B23-(($N$10+$M$10)/2)))) -> 0.99993872 | D23: =$D$10/($D$10+$B$10) -> 0.79166667 | E23: =$E$10/($E$10+$C$10) -> 0.375 | F23: =B23^2*0.5 -> 0.00405 | G23: =-(B23^4) -> -6.561e-05 | H23: =F23*$F$7 -> 0.81 | I23: =G23*$F$7 -> -0.013122 | J23: =H23+I23 -> 0.796878 | K23: =$G$10+H23*$K$10 -> 197.31 | L23: =$G$10+I23 -> 196.48688 | M23: =C23*D23^(1-EXP(-5*B23))+(1-C23)*E23 -> 0.91879549 | N23: =M23*K23+(1-M23)*L23 -> 197.24316 | O23: =K23*M23 -> 181.28754 | P23: =(1-M23)*L23 -> 15.95562 | Q23: =P23+O23 -> 197.24316
B24: =B23+0.01 -> 0.1 | C24: =1-1/(1+EXP(-20*(B24-(($N$10+$M$10)/2)))) -> 0.99992515 | D24: =$D$10/($D$10+$B$10) -> 0.79166667 | E24: =$E$10/($E$10+$C$10) -> 0.375 | F24: =B24^2*0.5 -> 0.005 | G24: =-(B24^4) -> -0.0001 | H24: =F24*$F$7 -> 1 | I24: =G24*$F$7 -> -0.02 | J24: =H24+I24 -> 0.98 | K24: =$G$10+H24*$K$10 -> 197.5 | L24: =$G$10+I24 -> 196.48 | M24: =C24*D24^(1-EXP(-5*B24))+(1-C24)*E24 -> 0.91213766 | N24: =M24*K24+(1-M24)*L24 -> 197.41038 | O24: =K24*M24 -> 180.14719 | P24: =(1-M24)*L24 -> 17.263193 | Q24: =P24+O24 -> 197.41038
B25: =B24+0.01 -> 0.11 | C25: =1-1/(1+EXP(-20*(B25-(($N$10+$M$10)/2)))) -> 0.99990858 | D25: =$D$10/($D$10+$B$10) -> 0.79166667 | E25: =$E$10/($E$10+$C$10) -> 0.375 | F25: =B25^2*0.5 -> 0.00605 | G25: =-(B25^4) -> -0.00014641 | H25: =F25*$F$7 -> 1.21 | I25: =G25*$F$7 -> -0.029282 | J25: =H25+I25 -> 1.180718 | K25: =$G$10+H25*$K$10 -> 197.71 | L25: =$G$10+I25 -> 196.47072 | M25: =C25*D25^(1-EXP(-5*B25))+(1-C25)*E25 -> 0.90584743 | N25: =M25*K25+(1-M25)*L25 -> 197.59332 | O25: =K25*M25 -> 179.0951 | P25: =(1-M25)*L25 -> 18.498222 | Q25: =P25+O25 -> 197.59332
B26: =B25+0.01 -> 0.12 | C26: =1-1/(1+EXP(-20*(B26-(($N$10+$M$10)/2)))) -> 0.99988835 | D26: =$D$10/($D$10+$B$10) -> 0.79166667 | E26: =$E$10/($E$10+$C$10) -> 0.375 | F26: =B26^2*0.5 -> 0.0072 | G26: =-(B26^4) -> -0.00020736 | H26: =F26*$F$7 -> 1.44 | I26: =G26*$F$7 -> -0.041472 | J26: =H26+I26 -> 1.398528 | K26: =$G$10+H26*$K$10 -> 197.94 | L26: =$G$10+I26 -> 196.45853 | M26: =C26*D26^(1-EXP(-5*B26))+(1-C26)*E26 -> 0.89990198 | N26: =M26*K26+(1-M26)*L26 -> 197.79171 | O26: =K26*M26 -> 178.1266 | P26: =(1-M26)*L26 -> 19.66511 | Q26: =P26+O26 -> 197.79171
B27: =B26+0.01 -> 0.13 | C27: =1-1/(1+EXP(-20*(B27-(($N$10+$M$10)/2)))) -> 0.99986363 | D27: =$D$10/($D$10+$B$10) -> 0.79166667 | E27: =$E$10/($E$10+$C$10) -> 0.375 | F27: =B27^2*0.5 -> 0.00845 | G27: =-(B27^4) -> -0.00028561 | H27: =F27*$F$7 -> 1.69 | I27: =G27*$F$7 -> -0.057122 | J27: =H27+I27 -> 1.632878 | K27: =$G$10+H27*$K$10 -> 198.19 | L27: =$G$10+I27 -> 196.44288 | M27: =C27*D27^(1-EXP(-5*B27))+(1-C27)*E27 -> 0.89427996 | N27: =M27*K27+(1-M27)*L27 -> 198.00529 | O27: =K27*M27 -> 177.23735 | P27: =(1-M27)*L27 -> 20.767949 | Q27: =P27+O27 -> 198.00529
... B114: =B113+0.01 -> 1 | C114: =1-1/(1+EXP(-20*(B114-(($N$10+$M$10)/2)))) -> 0.00020342698 | D114: =$D$10/($D$10+$B$10) -> 0.79166667 | E114: =$E$10/($E$10+$C$10) -> 0.375 | F114: =B114^2*0.5 -> 0.5 | G114: =-(B114^4) -> -1 | H114: =F114*$F$7 -> 100 | I114: =G114*$F$7 -> -200 | J114: =H114+I114 -> -100 | K114: =$G$10+H114*$K$10 -> 296.5 | L114: =$G$10+I114 -> -3.5 | M114: =C114*D114^(1-EXP(-5*B114))+(1-C114)*E114 -> 0.37508501 | N114: =M114*K114+(1-M114)*L114 -> 109.0255 | O114: =K114*M114 -> 111.21271 | P114: =(1-M114)*L114 -> -2.1872024 | Q114: =P114+O114 -> 109.0255

Sheet Scenario 6 - St1 0.4
C1: Lambda | D1: Relative Hybrid | E1: Relative Conventional | F1: gains | G1: losses | H1: GAINS | I1: LOSSES | J1: GAINS - LOSSES | K1: u(g) | L1: u(l) | M1: P(j) | N1: EU_j | O1: U(G) * Pj | P1: U(L)*(1-Pj) | Q1: EU_j
B3: X_i^0 | C3: Y_i^0 | D3: X_j^0 | E3: Y_j^0
B4: 20 | C4: 50 | D4: 10 | E4: 30
B6: X_i | C6: Y_i | D6: X_j | E6: Y_j | F6: B_j
B7: 0 | C7: 0 | D7: 0 | E7: 0 | F7: 200
B9: X_i_Tot | C9: Y_i_Tot | D9: X_j_Tot | E9: Y_j_Tot | G9: C_j | K9: Resolve | M9: Threshold s_t_0 | N9: Threshold (s_t)
B10: =B4+B7 -> 20 | C10: =C4+C7 -> 50 | D10: =D4+D7 -> 10 | E10: =E4+E7 -> 30 | G10: =F7-0.5*D7-E7 -> 200 | K10: 1 | M10: 0.4 | N10: 0.65 | Q10: Max EU_j | R10: =MAX(Q14:Q114) -> 203.1494
C13: Lambda | D13: Relative Hybrid | E13: Relative Conventional | F13: gains | G13: losses | H13: GAINS | I13: LOSSES | J13: GAINS - LOSSES | K13: u(g) | L13: u(l) | M13: P(j) | N13: EU_j | O13: U(G) * Pj | P13: U(L)*(1-Pj) | Q13: EU_j
B14: 0 | C14: =1-1/(1+EXP(-20*(B14-(($N$10+$M$10)/2)))) -> 0.99997246 | D14: =$D$10/($D$10+$B$10) -> 0.33333333 | E14: =$E$10/($E$10+$C$10) -> 0.375 | F14: =B14^2*0.5 -> 0 | G14: =-(B14^4) -> 0 | H14: =F14*$F$7 -> 0 | I14: =G14*$F$7 -> 0 | J14: =H14+I14 -> 0 | K14: =$G$10+H14*$K$10 -> 200 | L14: =$G$10+I14 -> 200 | M14: =C14*D14^(1-EXP(-5*B14))+(1-C14)*E14 -> 0.99998279 | N14: =M14*K14+(1-M14)*L14 -> 200 | O14: =K14*M14 -> 199.99656 | P14: =(1-M14)*L14 -> 0.0034419614 | Q14: =P14+O14 -> 200
B15: 0.01 | C15: =1-1/(1+EXP(-20*(B15-(($N$10+$M$10)/2)))) -> 0.99996637 | D15: =$D$10/($D$10+$B$10) -> 0.33333333 | E15: =$E$10/($E$10+$C$10) -> 0.375 | F15: =B15^2*0.5 -> 5e-05 | G15: =-(B15^4) -> -1e-08 | H15: =F15*$F$7 -> 0.01 | I15: =G15*$F$7 -> -2e-06 | J15: =H15+I15 -> 0.009998 | K15: =$G$10+H15*$K$10 -> 200.01 | L15: =$G$10+I15 -> 200 | M15: =C15*D15^(1-EXP(-5*B15))+(1-C15)*E15 -> 0.94781089 | N15: =M15*K15+(1-M15)*L15 -> 200.00948 | O15: =K15*M15 -> 189.57166 | P15: =(1-M15)*L15 -> 10.437822 | Q15: =P15+O15 -> 200.00948
B16: =B15+0.01 -> 0.02 | C16: =1-1/(1+EXP(-20*(B16-(($N$10+$M$10)/2)))) -> 0.99995892 | D16: =$D$10/($D$10+$B$10) -> 0.33333333 | E16: =$E$10/($E$10+$C$10) -> 0.375 | F16: =B16^2*0.5 -> 0.0002 | G16: =-(B16^4) -> -1.6e-07 | H16: =F16*$F$7 -> 0.04 | I16: =G16*$F$7 -> -3.2e-05 | J16: =H16+I16 -> 0.039968 | K16: =$G$10+H16*$K$10 -> 200.04 | L16: =$G$10+I16 -> 199.99997 | M16: =C16*D16^(1-EXP(-5*B16))+(1-C16)*E16 -> 0.90071106 | N16: =M16*K16+(1-M16)*L16 -> 200.03603 | O16: =K16*M16 -> 180.17824 | P16: =(1-M16)*L16 -> 19.857784 | Q16: =P16+O16 -> 200.03603
B17: =B16+0.01 -> 0.03 | C17: =1-1/(1+EXP(-20*(B17-(($N$10+$M$10)/2)))) -> 0.99994983 | D17: =$D$10/($D$10+$B$10) -> 0.33333333 | E17: =$E$10/($E$10+$C$10) -> 0.375 | F17: =B17^2*0.5 -> 0.00045 | G17: =-(B17^4) -> -8.1e-07 | H17: =F17*$F$7 -> 0.09 | I17: =G17*$F$7 -> -0.000162 | J17: =H17+I17 -> 0.089838 | K17: =$G$10+H17*$K$10 -> 200.09 | L17: =$G$10+I17 -> 199.99984 | M17: =C17*D17^(1-EXP(-5*B17))+(1-C17)*E17 -> 0.85808152 | N17: =M17*K17+(1-M17)*L17 -> 200.0772 | O17: =K17*M17 -> 171.69353 | P17: =(1-M17)*L17 -> 28.383674 | Q17: =P17+O17 -> 200.0772
B18: =B17+0.01 -> 0.04 | C18: =1-1/(1+EXP(-20*(B18-(($N$10+$M$10)/2)))) -> 0.99993872 | D18: =$D$10/($D$10+$B$10) -> 0.33333333 | E18: =$E$10/($E$10+$C$10) -> 0.375 | F18: =B18^2*0.5 -> 0.0008 | G18: =-(B18^4) -> -2.56e-06 | H18: =F18*$F$7 -> 0.16 | I18: =G18*$F$7 -> -0.000512 | J18: =H18+I18 -> 0.159488 | K18: =$G$10+H18*$K$10 -> 200.16 | L18: =$G$10+I18 -> 199.99949 | M18: =C18*D18^(1-EXP(-5*B18))+(1-C18)*E18 -> 0.81940414 | N18: =M18*K18+(1-M18)*L18 -> 200.13101 | O18: =K18*M18 -> 164.01193 | P18: =(1-M18)*L18 -> 36.119079 | Q18: =P18+O18 -> 200.13101
B19: =B18+0.01 -> 0.05 | C19: =1-1/(1+EXP(-20*(B19-(($N$10+$M$10)/2)))) -> 0.99992515 | D19: =$D$10/($D$10+$B$10) -> 0.33333333 | E19: =$E$10/($E$10+$C$10) -> 0.375 | F19: =B19^2*0.5 -> 0.00125 | G19: =-(B19^4) -> -6.25e-06 | H19: =F19*$F$7 -> 0.25 | I19: =G19*$F$7 -> -0.00125 | J19: =H19+I19 -> 0.24875 | K19: =$G$10+H19*$K$10 -> 200.25 | L19: =$G$10+I19 -> 199.99875 | M19: =C19*D19^(1-EXP(-5*B19))+(1-C19)*E19 -> 0.78423133 | N19: =M19*K19+(1-M19)*L19 -> 200.19579 | O19: =K19*M19 -> 157.04232 | P19: =(1-M19)*L19 -> 43.153464 | Q19: =P19+O19 -> 200.19579
B20: =B19+0.01 -> 0.06 | C20: =1-1/(1+EXP(-20*(B20-(($N$10+$M$10)/2)))) -> 0.99990858 | D20: =$D$10/($D$10+$B$10) -> 0.33333333 | E20: =$E$10/($E$10+$C$10) -> 0.375 | F20: =B20^2*0.5 -> 0.0018 | G20: =-(B20^4) -> -1.296e-05 | H20: =F20*$F$7 -> 0.36 | I20: =G20*$F$7 -> -0.002592 | J20: =H20+I20 -> 0.357408 | K20: =$G$10+H20*$K$10 -> 200.36 | L20: =$G$10+I20 -> 199.99741 | M20: =C20*D20^(1-EXP(-5*B20))+(1-C20)*E20 -> 0.7521751 | N20: =M20*K20+(1-M20)*L20 -> 200.27014 | O20: =K20*M20 -> 150.7058 | P20: =(1-M20)*L20 -> 49.564337 | Q20: =P20+O20 -> 200.27014
B21: =B20+0.01 -> 0.07 | C21: =1-1/(1+EXP(-20*(B21-(($N$10+$M$10)/2)))) -> 0.99988835 | D21: =$D$10/($D$10+$B$10) -> 0.33333333 | E21: =$E$10/($E$10+$C$10) -> 0.375 | F21: =B21^2*0.5 -> 0.00245 | G21: =-(B21^4) -> -2.401e-05 | H21: =F21*$F$7 -> 0.49 | I21: =G21*$F$7 -> -0.004802 | J21: =H21+I21 -> 0.485198 | K21: =$G$10+H21*$K$10 -> 200.49 | L21: =$G$10+I21 -> 199.9952 | M21: =C21*D21^(1-EXP(-5*B21))+(1-C21)*E21 -> 0.72289808 | N21: =M21*K21+(1-M21)*L21 -> 200.35289 | O21: =K21*M21 -> 144.93384 | P21: =(1-M21)*L21 -> 55.419053 | Q21: =P21+O21 -> 200.35289
B22: =B21+0.01 -> 0.08 | C22: =1-1/(1+EXP(-20*(B22-(($N$10+$M$10)/2)))) -> 0.99986363 | D22: =$D$10/($D$10+$B$10) -> 0.33333333 | E22: =$E$10/($E$10+$C$10) -> 0.375 | F22: =B22^2*0.5 -> 0.0032 | G22: =-(B22^4) -> -4.096e-05 | H22: =F22*$F$7 -> 0.64 | I22: =G22*$F$7 -> -0.008192 | J22: =H22+I22 -> 0.631808 | K22: =$G$10+H22*$K$10 -> 200.64 | L22: =$G$10+I22 -> 199.99181 | M22: =C22*D22^(1-EXP(-5*B22))+(1-C22)*E22 -> 0.69610598 | N22: =M22*K22+(1-M22)*L22 -> 200.44302 | O22: =K22*M22 -> 139.6667 | P22: =(1-M22)*L22 -> 60.776315 | Q22: =P22+O22 -> 200.44302
B23: =B22+0.01 -> 0.09 | C23: =1-1/(1+EXP(-20*(B23-(($N$10+$M$10)/2)))) -> 0.99983344 | D23: =$D$10/($D$10+$B$10) -> 0.33333333 | E23: =$E$10/($E$10+$C$10) -> 0.375 | F23: =B23^2*0.5 -> 0.00405 | G23: =-(B23^4) -> -6.561e-05 | H23: =F23*$F$7 -> 0.81 | I23: =G23*$F$7 -> -0.013122 | J23: =H23+I23 -> 0.796878 | K23: =$G$10+H23*$K$10 -> 200.81 | L23: =$G$10+I23 -> 199.98688 | M23: =C23*D23^(1-EXP(-5*B23))+(1-C23)*E23 -> 0.67154132 | N23: =M23*K23+(1-M23)*L23 -> 200.53964 | O23: =K23*M23 -> 134.85221 | P23: =(1-M23)*L23 -> 65.687425 | Q23: =P23+O23 -> 200.53964
B24: =B23+0.01 -> 0.1 | C24: =1-1/(1+EXP(-20*(B24-(($N$10+$M$10)/2)))) -> 0.99979657 | D24: =$D$10/($D$10+$B$10) -> 0.33333333 | E24: =$E$10/($E$10+$C$10) -> 0.375 | F24: =B24^2*0.5 -> 0.005 | G24: =-(B24^4) -> -0.0001 | H24: =F24*$F$7 -> 1 | I24: =G24*$F$7 -> -0.02 | J24: =H24+I24 -> 0.98 | K24: =$G$10+H24*$K$10 -> 201 | L24: =$G$10+I24 -> 199.98 | M24: =C24*D24^(1-EXP(-5*B24))+(1-C24)*E24 -> 0.6489782 | N24: =M24*K24+(1-M24)*L24 -> 200.64196 | O24: =K24*M24 -> 130.44462 | P24: =(1-M24)*L24 -> 70.197339 | Q24: =P24+O24 -> 200.64196
B25: =B24+0.01 -> 0.11 | C25: =1-1/(1+EXP(-20*(B25-(($N$10+$M$10)/2)))) -> 0.99975154 | D25: =$D$10/($D$10+$B$10) -> 0.33333333 | E25: =$E$10/($E$10+$C$10) -> 0.375 | F25: =B25^2*0.5 -> 0.00605 | G25: =-(B25^4) -> -0.00014641 | H25: =F25*$F$7 -> 1.21 | I25: =G25*$F$7 -> -0.029282 | J25: =H25+I25 -> 1.180718 | K25: =$G$10+H25*$K$10 -> 201.21 | L25: =$G$10+I25 -> 199.97072 | M25: =C25*D25^(1-EXP(-5*B25))+(1-C25)*E25 -> 0.62821783 | N25: =M25*K25+(1-M25)*L25 -> 200.74926 | O25: =K25*M25 -> 126.40371 | P25: =(1-M25)*L25 -> 74.345547 | Q25: =P25+O25 -> 200.74926
B26: =B25+0.01 -> 0.12 | C26: =1-1/(1+EXP(-20*(B26-(($N$10+$M$10)/2)))) -> 0.99969655 | D26: =$D$10/($D$10+$B$10) -> 0.33333333 | E26: =$E$10/($E$10+$C$10) -> 0.375 | F26: =B26^2*0.5 -> 0.0072 | G26: =-(B26^4) -> -0.00020736 | H26: =F26*$F$7 -> 1.44 | I26: =G26*$F$7 -> -0.041472 | J26: =H26+I26 -> 1.398528 | K26: =$G$10+H26*$K$10 -> 201.44 | L26: =$G$10+I26 -> 199.95853 | M26: =C26*D26^(1-EXP(-5*B26))+(1-C26)*E26 -> 0.60908483 | N26: =M26*K26+(1-M26)*L26 -> 200.86087 | O26: =K26*M26 -> 122.69405 | P26: =(1-M26)*L26 -> 78.166822 | Q26: =P26+O26 -> 200.86087
B27: =B26+0.01 -> 0.13 | C27: =1-1/(1+EXP(-20*(B27-(($N$10+$M$10)/2)))) -> 0.99962939 | D27: =$D$10/($D$10+$B$10) -> 0.33333333 | E27: =$E$10/($E$10+$C$10) -> 0.375 | F27: =B27^2*0.5 -> 0.00845 | G27: =-(B27^4) -> -0.00028561 | H27: =F27*$F$7 -> 1.69 | I27: =G27*$F$7 -> -0.057122 | J27: =H27+I27 -> 1.632878 | K27: =$G$10+H27*$K$10 -> 201.69 | L27: =$G$10+I27 -> 199.94288 | M27: =C27*D27^(1-EXP(-5*B27))+(1-C27)*E27 -> 0.59142403 | N27: =M27*K27+(1-M27)*L27 -> 200.97617 | O27: =K27*M27 -> 119.28431 | P27: =(1-M27)*L27 -> 81.691856 | Q27: =P27+O27 -> 200.97617
... B114: =B113+0.01 -> 1 | C114: =1-1/(1+EXP(-20*(B114-(($N$10+$M$10)/2)))) -> 7.4846228e-05 | D114: =$D$10/($D$10+$B$10) -> 0.33333333 | E114: =$E$10/($E$10+$C$10) -> 0.375 | F114: =B114^2*0.5 -> 0.5 | G114: =-(B114^4) -> -1 | H114: =F114*$F$7 -> 100 | I114: =G114*$F$7 -> -200 | J114: =H114+I114 -> -100 | K114: =$G$10+H114*$K$10 -> 300 | L114: =$G$10+I114 -> -5.4001248e-13 | M114: =C114*D114^(1-EXP(-5*B114))+(1-C114)*E114 -> 0.37499707 | N114: =M114*K114+(1-M114)*L114 -> 112.49912 | O114: =K114*M114 -> 112.49912 | P114: =(1-M114)*L114 -> -3.3750938e-13 | Q114: =P114+O114 -> 112.49912

Sheet Scenario 6 - St1 0.5
C1: Lambda | D1: Relative Hybrid | E1: Relative Conventional | F1: gains | G1: losses | H1: GAINS | I1: LOSSES | J1: GAINS - LOSSES | K1: u(g) | L1: u(l) | M1: P(j) | N1: EU_j | O1: U(G) * Pj | P1: U(L)*(1-Pj) | Q1: EU_j
B3: X_i^0 | C3: Y_i^0 | D3: X_j^0 | E3: Y_j^0
B4: 20 | C4: 50 | D4: 10 | E4: 30
B6: X_i | C6: Y_i | D6: X_j | E6: Y_j | F6: B_j
B7: 0 | C7: 0 | D7: 0 | E7: 0 | F7: 200
B9: X_i_Tot | C9: Y_i_Tot | D9: X_j_Tot | E9: Y_j_Tot | G9: C_j | K9: Resolve | M9: Threshold s_t_0 | N9: Threshold (s_t)
B10: =B4+B7 -> 20 | C10: =C4+C7 -> 50 | D10: =D4+D7 -> 10 | E10: =E4+E7 -> 30 | G10: =F7-0.5*D7-E7 -> 200 | K10: 1 | M10: 0.5 | N10: 0.65 | Q10: Max EU_j | R10: =MAX(Q14:Q114) -> 203.15835
C13: Lambda | D13: Relative Hybrid | E13: Relative Conventional | F13: gains | G13: losses | H13: GAINS | I13: LOSSES | J13: GAINS - LOSSES | K13: u(g) | L13: u(l) | M13: P(j) | N13: EU_j | O13: U(G) * Pj | P13: U(L)*(1-Pj) | Q13: EU_j
B14: 0 | C14: =1-1/(1+EXP(-20*(B14-(($N$10+$M$10)/2)))) -> 0.99998987 | D14: =$D$10/($D$10+$B$10) -> 0.33333333 | E14: =$E$10/($E$10+$C$10) -> 0.375 | F14: =B14^2*0.5 -> 0 | G14: =-(B14^4) -> 0 | H14: =F14*$F$7 -> 0 | I14: =G14*$F$7 -> 0 | J14: =H14+I14 -> 0 | K14: =$G$10+H14*$K$10 -> 200 | L14: =$G$10+I14 -> 200 | M14: =C14*D14^(1-EXP(-5*B14))+(1-C14)*E14 -> 0.99999367 | N14: =M14*K14+(1-M14)*L14 -> 200 | O14: =K14*M14 -> 199.99873 | P14: =(1-M14)*L14 -> 0.0012662489 | Q14: =P14+O14 -> 200
B15: 0.01 | C15: =1-1/(1+EXP(-20*(B15-(($N$10+$M$10)/2)))) -> 0.99998763 | D15: =$D$10/($D$10+$B$10) -> 0.33333333 | E15: =$E$10/($E$10+$C$10) -> 0.375 | F15: =B15^2*0.5 -> 5e-05 | G15: =-(B15^4) -> -1e-08 | H15: =F15*$F$7 -> 0.01 | I15: =G15*$F$7 -> -2e-06 | J15: =H15+I15 -> 0.009998 | K15: =$G$10+H15*$K$10 -> 200.01 | L15: =$G$10+I15 -> 200 | M15: =C15*D15^(1-EXP(-5*B15))+(1-C15)*E15 -> 0.94782307 | N15: =M15*K15+(1-M15)*L15 -> 200.00948 | O15: =K15*M15 -> 189.57409 | P15: =(1-M15)*L15 -> 10.435386 | Q15: =P15+O15 -> 200.00948
B16: =B15+0.01 -> 0.02 | C16: =1-1/(1+EXP(-20*(B16-(($N$10+$M$10)/2)))) -> 0.99998489 | D16: =$D$10/($D$10+$B$10) -> 0.33333333 | E16: =$E$10/($E$10+$C$10) -> 0.375 | F16: =B16^2*0.5 -> 0.0002 | G16: =-(B16^4) -> -1.6e-07 | H16: =F16*$F$7 -> 0.04 | I16: =G16*$F$7 -> -3.2e-05 | J16: =H16+I16 -> 0.039968 | K16: =$G$10+H16*$K$10 -> 200.04 | L16: =$G$10+I16 -> 199.99997 | M16: =C16*D16^(1-EXP(-5*B16))+(1-C16)*E16 -> 0.90072471 | N16: =M16*K16+(1-M16)*L16 -> 200.03603 | O16: =K16*M16 -> 180.18097 | P16: =(1-M16)*L16 -> 19.855054 | Q16: =P16+O16 -> 200.03603
B17: =B16+0.01 -> 0.03 | C17: =1-1/(1+EXP(-20*(B17-(($N$10+$M$10)/2)))) -> 0.99998154 | D17: =$D$10/($D$10+$B$10) -> 0.33333333 | E17: =$E$10/($E$10+$C$10) -> 0.375 | F17: =B17^2*0.5 -> 0.00045 | G17: =-(B17^4) -> -8.1e-07 | H17: =F17*$F$7 -> 0.09 | I17: =G17*$F$7 -> -0.000162 | J17: =H17+I17 -> 0.089838 | K17: =$G$10+H17*$K$10 -> 200.09 | L17: =$G$10+I17 -> 199.99984 | M17: =C17*D17^(1-EXP(-5*B17))+(1-C17)*E17 -> 0.85809684 | N17: =M17*K17+(1-M17)*L17 -> 200.07721 | O17: =K17*M17 -> 171.6966 | P17: =(1-M17)*L17 -> 28.380609 | Q17: =P17+O17 -> 200.07721
B18: =B17+0.01 -> 0.04 | C18: =1-1/(1+EXP(-20*(B18-(($N$10+$M$10)/2)))) -> 0.99997746 | D18: =$D$10/($D$10+$B$10) -> 0.33333333 | E18: =$E$10/($E$10+$C$10) -> 0.375 | F18: =B18^2*0.5 -> 0.0008 | G18: =-(B18^4) -> -2.56e-06 | H18: =F18*$F$7 -> 0.16 | I18: =G18*$F$7 -> -0.000512 | J18: =H18+I18 -> 0.159488 | K18: =$G$10+H18*$K$10 -> 200.16 | L18: =$G$10+I18 -> 199.99949 | M18: =C18*D18^(1-EXP(-5*B18))+(1-C18)*E18 -> 0.81942136 | N18: =M18*K18+(1-M18)*L18 -> 200.13101 | O18: =K18*M18 -> 164.01538 | P18: =(1-M18)*L18 -> 36.115636 | Q18: =P18+O18 -> 200.13101
B19: =B18+0.01 -> 0.05 | C19: =1-1/(1+EXP(-20*(B19-(($N$10+$M$10)/2)))) -> 0.99997246 | D19: =$D$10/($D$10+$B$10) -> 0.33333333 | E19: =$E$10/($E$10+$C$10) -> 0.375 | F19: =B19^2*0.5 -> 0.00125 | G19: =-(B19^4) -> -6.25e-06 | H19: =F19*$F$7 -> 0.25 | I19: =G19*$F$7 -> -0.00125 | J19: =H19+I19 -> 0.24875 | K19: =$G$10+H19*$K$10 -> 200.25 | L19: =$G$10+I19 -> 199.99875 | M19: =C19*D19^(1-EXP(-5*B19))+(1-C19)*E19 -> 0.78425069 | N19: =M19*K19+(1-M19)*L19 -> 200.19579 | O19: =K19*M19 -> 157.0462 | P19: =(1-M19)*L19 -> 43.149592 | Q19: =P19+O19 -> 200.19579
B20: =B19+0.01 -> 0.06 | C20: =1-1/(1+EXP(-20*(B20-(($N$10+$M$10)/2)))) -> 0.99996637 | D20: =$D$10/($D$10+$B$10) -> 0.33333333 | E20: =$E$10/($E$10+$C$10) -> 0.375 | F20: =B20^2*0.5 -> 0.0018 | G20: =-(B20^4) -> -1.296e-05 | H20: =F20*$F$7 -> 0.36 | I20: =G20*$F$7 -> -0.002592 | J20: =H20+I20 -> 0.357408 | K20: =$G$10+H20*$K$10 -> 200.36 | L20: =$G$10+I20 -> 199.99741 | M20: =C20*D20^(1-EXP(-5*B20))+(1-C20)*E20 -> 0.7521969 | N20: =M20*K20+(1-M20)*L20 -> 200.27015 | O20: =K20*M20 -> 150.71017 | P20: =(1-M20)*L20 -> 49.559978 | Q20: =P20+O20 -> 200.27015
B21: =B20+0.01 -> 0.07 | C21: =1-1/(1+EXP(-20*(B21-(($N$10+$M$10)/2)))) -> 0.99995892 | D21: =$D$10/($D$10+$B$10) -> 0.33333333 | E21: =$E$10/($E$10+$C$10) -> 0.375 | F21: =B21^2*0.5 -> 0.00245 | G21: =-(B21^4) -> -2.401e-05 | H21: =F21*$F$7 -> 0.49 | I21: =G21*$F$7 -> -0.004802 | J21: =H21+I21 -> 0.485198 | K21: =$G$10+H21*$K$10 -> 200.49 | L21: =$G$10+I21 -> 199.9952 | M21: =C21*D21^(1-EXP(-5*B21))+(1-C21)*E21 -> 0.72292264 | N21: =M21*K21+(1-M21)*L21 -> 200.3529 | O21: =K21*M21 -> 144.93876 | P21: =(1-M21)*L21 -> 55.414142 | Q21: =P21+O21 -> 200.3529
B22: =B21+0.01 -> 0.08 | C22: =1-1/(1+EXP(-20*(B22-(($N$10+$M$10)/2)))) -> 0.99994983 | D22: =$D$10/($D$10+$B$10) -> 0.33333333 | E22: =$E$10/($E$10+$C$10) -> 0.375 | F22: =B22^2*0.5 -> 0.0032 | G22: =-(B22^4) -> -4.096e-05 | H22: =F22*$F$7 -> 0.64 | I22: =G22*$F$7 -> -0.008192 | J22: =H22+I22 -> 0.631808 | K22: =$G$10+H22*$K$10 -> 200.64 | L22: =$G$10+I22 -> 199.99181 | M22: =C22*D22^(1-EXP(-5*B22))+(1-C22)*E22 -> 0.69613366 | N22: =M22*K22+(1-M22)*L22 -> 200.44304 | O22: =K22*M22 -> 139.67226 | P22: =(1-M22)*L22 -> 60.770778 | Q22: =P22+O22 -> 200.44304
B23: =B22+0.01 -> 0.09 | C23: =1-1/(1+EXP(-20*(B23-(($N$10+$M$10)/2)))) -> 0.99993872 | D23: =$D$10/($D$10+$B$10) -> 0.33333333 | E23: =$E$10/($E$10+$C$10) -> 0.375 | F23: =B23^2*0.5 -> 0.00405 | G23: =-(B23^4) -> -6.561e-05 | H23: =F23*$F$7 -> 0.81 | I23: =G23*$F$7 -> -0.013122 | J23: =H23+I23 -> 0.796878 | K23: =$G$10+H23*$K$10 -> 200.81 | L23: =$G$10+I23 -> 199.98688 | M23: =C23*D23^(1-EXP(-5*B23))+(1-C23)*E23 -> 0.67157255 | N23: =M23*K23+(1-M23)*L23 -> 200.53966 | O23: =K23*M23 -> 134.85848 | P23: =(1-M23)*L23 -> 65.681181 | Q23: =P23+O23 -> 200.53966
B24: =B23+0.01 -> 0.1 | C24: =1-1/(1+EXP(-20*(B24-(($N$10+$M$10)/2)))) -> 0.99992515 | D24: =$D$10/($D$10+$B$10) -> 0.33333333 | E24: =$E$10/($E$10+$C$10) -> 0.375 | F24: =B24^2*0.5 -> 0.005 | G24: =-(B24^4) -> -0.0001 | H24: =F24*$F$7 -> 1 | I24: =G24*$F$7 -> -0.02 | J24: =H24+I24 -> 0.98 | K24: =$G$10+H24*$K$10 -> 201 | L24: =$G$10+I24 -> 199.98 | M24: =C24*D24^(1-EXP(-5*B24))+(1-C24)*E24 -> 0.64901344 | N24: =M24*K24+(1-M24)*L24 -> 200.64199 | O24: =K24*M24 -> 130.4517 | P24: =(1-M24)*L24 -> 70.190292 | Q24: =P24+O24 -> 200.64199
B25: =B24+0.01 -> 0.11 | C25: =1-1/(1+EXP(-20*(B25-(($N$10+$M$10)/2)))) -> 0.99990858 | D25: =$D$10/($D$10+$B$10) -> 0.33333333 | E25: =$E$10/($E$10+$C$10) -> 0.375 | F25: =B25^2*0.5 -> 0.00605 | G25: =-(B25^4) -> -0.00014641 | H25: =F25*$F$7 -> 1.21 | I25: =G25*$F$7 -> -0.029282 | J25: =H25+I25 -> 1.180718 | K25: =$G$10+H25*$K$10 -> 201.21 | L25: =$G$10+I25 -> 199.97072 | M25: =C25*D25^(1-EXP(-5*B25))+(1-C25)*E25 -> 0.62825761 | N25: =M25*K25+(1-M25)*L25 -> 200.74931 | O25: =K25*M25 -> 126.41171 | P25: =(1-M25)*L25 -> 74.337593 | Q25: =P25+O25 -> 200.74931
B26: =B25+0.01 -> 0.12 | C26: =1-1/(1+EXP(-20*(B26-(($N$10+$M$10)/2)))) -> 0.99988835 | D26: =$D$10/($D$10+$B$10) -> 0.33333333 | E26: =$E$10/($E$10+$C$10) -> 0.375 | F26: =B26^2*0.5 -> 0.0072 | G26: =-(B26^4) -> -0.00020736 | H26: =F26*$F$7 -> 1.44 | I26: =G26*$F$7 -> -0.041472 | J26: =H26+I26 -> 1.398528 | K26: =$G$10+H26*$K$10 -> 201.44 | L26: =$G$10+I26 -> 199.95853 | M26: =C26*D26^(1-EXP(-5*B26))+(1-C26)*E26 -> 0.60912974 | N26: =M26*K26+(1-M26)*L26 -> 200.86094 | O26: =K26*M26 -> 122.70309 | P26: =(1-M26)*L26 -> 78.157842 | Q26: =P26+O26 -> 200.86094
B27: =B26+0.01 -> 0.13 | C27: =1-1/(1+EXP(-20*(B27-(($N$10+$M$10)/2)))) -> 0.99986363 | D27: =$D$10/($D$10+$B$10) -> 0.33333333 | E27: =$E$10/($E$10+$C$10) -> 0.375 | F27: =B27^2*0.5 -> 0.00845 | G27: =-(B27^4) -> -0.00028561 | H27: =F27*$F$7 -> 1.69 | I27: =G27*$F$7 -> -0.057122 | J27: =H27+I27 -> 1.632878 | K27: =$G$10+H27*$K$10 -> 201.69 | L27: =$G$10+I27 -> 199.94288 | M27: =C27*D27^(1-EXP(-5*B27))+(1-C27)*E27 -> 0.59147474 | N27: =M27*K27+(1-M27)*L27 -> 200.97626 | O27: =K27*M27 -> 119.29454 | P27: =(1-M27)*L27 -> 81.681716 | Q27: =P27+O27 -> 200.97626
... B114: =B113+0.01 -> 1 | C114: =1-1/(1+EXP(-20*(B114-(($N$10+$M$10)/2)))) -> 0.00020342698 | D114: =$D$10/($D$10+$B$10) -> 0.33333333 | E114: =$E$10/($E$10+$C$10) -> 0.375 | F114: =B114^2*0.5 -> 0.5 | G114: =-(B114^4) -> -1 | H114: =F114*$F$7 -> 100 | I114: =G114*$F$7 -> -200 | J114: =H114+I114 -> -100 | K114: =$G$10+H114*$K$10 -> 300 | L114: =$G$10+I114 -> -5.4001248e-13 | M114: =C114*D114^(1-EXP(-5*B114))+(1-C114)*E114 -> 0.37499203 | N114: =M114*K114+(1-M114)*L114 -> 112.49761 | O114: =K114*M114 -> 112.49761 | P114: =(1-M114)*L114 -> -3.375121e-13 | Q114: =P114+O114 -> 112.49761

Sheet Scenario 6 - St1 0.5 - P_j 0.25
C1: Lambda | D1: Relative Hybrid | E1: Relative Conventional | F1: gains | G1: losses | H1: GAINS | I1: LOSSES | J1: GAINS - LOSSES | K1: u(g) | L1: u(l) | M1: P(j) | N1: EU_j | O1: U(G) * Pj | P1: U(L)*(1-Pj) | Q1: EU_j
B3: X_i^0 | C3: Y_i^0 | D3: X_j^0 | E3: Y_j^0
B4: 20 | C4: 50 | D4: 10 | E4: 30
B6: X_i | C6: Y_i | D6: X_j | E6: Y_j | F6: B_j
B7: 0 | C7: 0 | D7: 17 | E7: 0 | F7: 200
B9: X_i_Tot | C9: Y_i_Tot | D9: X_j_Tot | E9: Y_j_Tot | G9: C_j | K9: Resolve | M9: Threshold s_t_0 | N9: Threshold (s_t)
B10: =B4+B7 -> 20 | C10: =C4+C7 -> 50 | D10: =D4+D7 -> 27 | E10: =E4+E7 -> 30 | G10: =F7-0.25*D7-E7 -> 195.75 | K10: 1 | M10: 0.5 | N10: 0.65 | Q10: Max EU_j | R10: =MAX(Q14:Q114) -> 204.47888
C13: Lambda | D13: Relative Hybrid | E13: Relative Conventional | F13: gains | G13: losses | H13: GAINS | I13: LOSSES | J13: GAINS - LOSSES | K13: u(g) | L13: u(l) | M13: P(j) | N13: EU_j | O13: U(G) * Pj | P13: U(L)*(1-Pj) | Q13: EU_j
B14: 0 | C14: =1-1/(1+EXP(-20*(B14-(($N$10+$M$10)/2)))) -> 0.99998987 | D14: =$D$10/($D$10+$B$10) -> 0.57446809 | E14: =$E$10/($E$10+$C$10) -> 0.375 | F14: =B14^2*0.5 -> 0 | G14: =-(B14^4) -> 0 | H14: =F14*$F$7 -> 0 | I14: =G14*$F$7 -> 0 | J14: =H14+I14 -> 0 | K14: =$G$10+H14*$K$10 -> 195.75 | L14: =$G$10+I14 -> 195.75 | M14: =C14*D14^(1-EXP(-5*B14))+(1-C14)*E14 -> 0.99999367 | N14: =M14*K14+(1-M14)*L14 -> 195.75 | O14: =K14*M14 -> 195.74876 | P14: =(1-M14)*L14 -> 0.0012393411 | Q14: =P14+O14 -> 195.75
B15: 0.01 | C15: =1-1/(1+EXP(-20*(B15-(($N$10+$M$10)/2)))) -> 0.99998763 | D15: =$D$10/($D$10+$B$10) -> 0.57446809 | E15: =$E$10/($E$10+$C$10) -> 0.375 | F15: =B15^2*0.5 -> 5e-05 | G15: =-(B15^4) -> -1e-08 | H15: =F15*$F$7 -> 0.01 | I15: =G15*$F$7 -> -2e-06 | J15: =H15+I15 -> 0.009998 | K15: =$G$10+H15*$K$10 -> 195.76 | L15: =$G$10+I15 -> 195.75 | M15: =C15*D15^(1-EXP(-5*B15))+(1-C15)*E15 -> 0.97332069 | N15: =M15*K15+(1-M15)*L15 -> 195.75973 | O15: =K15*M15 -> 190.53726 | P15: =(1-M15)*L15 -> 5.2224744 | Q15: =P15+O15 -> 195.75973
B16: =B15+0.01 -> 0.02 | C16: =1-1/(1+EXP(-20*(B16-(($N$10+$M$10)/2)))) -> 0.99998489 | D16: =$D$10/($D$10+$B$10) -> 0.57446809 | E16: =$E$10/($E$10+$C$10) -> 0.375 | F16: =B16^2*0.5 -> 0.0002 | G16: =-(B16^4) -> -1.6e-07 | H16: =F16*$F$7 -> 0.04 | I16: =G16*$F$7 -> -3.2e-05 | J16: =H16+I16 -> 0.039968 | K16: =$G$10+H16*$K$10 -> 195.79 | L16: =$G$10+I16 -> 195.74997 | M16: =C16*D16^(1-EXP(-5*B16))+(1-C16)*E16 -> 0.94860881 | N16: =M16*K16+(1-M16)*L16 -> 195.78794 | O16: =K16*M16 -> 185.72812 | P16: =(1-M16)*L16 -> 10.059824 | Q16: =P16+O16 -> 195.78794
B17: =B16+0.01 -> 0.03 | C17: =1-1/(1+EXP(-20*(B17-(($N$10+$M$10)/2)))) -> 0.99998154 | D17: =$D$10/($D$10+$B$10) -> 0.57446809 | E17: =$E$10/($E$10+$C$10) -> 0.375 | F17: =B17^2*0.5 -> 0.00045 | G17: =-(B17^4) -> -8.1e-07 | H17: =F17*$F$7 -> 0.09 | I17: =G17*$F$7 -> -0.000162 | J17: =H17+I17 -> 0.089838 | K17: =$G$10+H17*$K$10 -> 195.84 | L17: =$G$10+I17 -> 195.74984 | M17: =C17*D17^(1-EXP(-5*B17))+(1-C17)*E17 -> 0.92568429 | N17: =M17*K17+(1-M17)*L17 -> 195.8333 | O17: =K17*M17 -> 181.28601 | P17: =(1-M17)*L17 -> 14.547289 | Q17: =P17+O17 -> 195.8333
B18: =B17+0.01 -> 0.04 | C18: =1-1/(1+EXP(-20*(B18-(($N$10+$M$10)/2)))) -> 0.99997746 | D18: =$D$10/($D$10+$B$10) -> 0.57446809 | E18: =$E$10/($E$10+$C$10) -> 0.375 | F18: =B18^2*0.5 -> 0.0008 | G18: =-(B18^4) -> -2.56e-06 | H18: =F18*$F$7 -> 0.16 | I18: =G18*$F$7 -> -0.000512 | J18: =H18+I18 -> 0.159488 | K18: =$G$10+H18*$K$10 -> 195.91 | L18: =$G$10+I18 -> 195.74949 | M18: =C18*D18^(1-EXP(-5*B18))+(1-C18)*E18 -> 0.90439173 | N18: =M18*K18+(1-M18)*L18 -> 195.89465 | O18: =K18*M18 -> 177.17938 | P18: =(1-M18)*L18 -> 18.715271 | Q18: =P18+O18 -> 195.89465
B19: =B18+0.01 -> 0.05 | C19: =1-1/(1+EXP(-20*(B19-(($N$10+$M$10)/2)))) -> 0.99997246 | D19: =$D$10/($D$10+$B$10) -> 0.57446809 | E19: =$E$10/($E$10+$C$10) -> 0.375 | F19: =B19^2*0.5 -> 0.00125 | G19: =-(B19^4) -> -6.25e-06 | H19: =F19*$F$7 -> 0.25 | I19: =G19*$F$7 -> -0.00125 | J19: =H19+I19 -> 0.24875 | K19: =$G$10+H19*$K$10 -> 196 | L19: =$G$10+I19 -> 195.74875 | M19: =C19*D19^(1-EXP(-5*B19))+(1-C19)*E19 -> 0.88459182 | N19: =M19*K19+(1-M19)*L19 -> 195.971 | O19: =K19*M19 -> 173.38 | P19: =(1-M19)*L19 -> 22.591007 | Q19: =P19+O19 -> 195.971
B20: =B19+0.01 -> 0.06 | C20: =1-1/(1+EXP(-20*(B20-(($N$10+$M$10)/2)))) -> 0.99996637 | D20: =$D$10/($D$10+$B$10) -> 0.57446809 | E20: =$E$10/($E$10+$C$10) -> 0.375 | F20: =B20^2*0.5 -> 0.0018 | G20: =-(B20^4) -> -1.296e-05 | H20: =F20*$F$7 -> 0.36 | I20: =G20*$F$7 -> -0.002592 | J20: =H20+I20 -> 0.357408 | K20: =$G$10+H20*$K$10 -> 196.11 | L20: =$G$10+I20 -> 195.74741 | M20: =C20*D20^(1-EXP(-5*B20))+(1-C20)*E20 -> 0.86615941 | N20: =M20*K20+(1-M20)*L20 -> 196.06147 | O20: =K20*M20 -> 169.86252 | P20: =(1-M20)*L20 -> 26.198949 | Q20: =P20+O20 -> 196.06147
B21: =B20+0.01 -> 0.07 | C21: =1-1/(1+EXP(-20*(B21-(($N$10+$M$10)/2)))) -> 0.99995892 | D21: =$D$10/($D$10+$B$10) -> 0.57446809 | E21: =$E$10/($E$10+$C$10) -> 0.375 | F21: =B21^2*0.5 -> 0.00245 | G21: =-(B21^4) -> -2.401e-05 | H21: =F21*$F$7 -> 0.49 | I21: =G21*$F$7 -> -0.004802 | J21: =H21+I21 -> 0.485198 | K21: =$G$10+H21*$K$10 -> 196.24 | L21: =$G$10+I21 -> 195.7452 | M21: =C21*D21^(1-EXP(-5*B21))+(1-C21)*E21 -> 0.84898183 | N21: =M21*K21+(1-M21)*L21 -> 196.16528 | O21: =K21*M21 -> 166.60419 | P21: =(1-M21)*L21 -> 29.561082 | Q21: =P21+O21 -> 196.16528
B22: =B21+0.01 -> 0.08 | C22: =1-1/(1+EXP(-20*(B22-(($N$10+$M$10)/2)))) -> 0.99994983 | D22: =$D$10/($D$10+$B$10) -> 0.57446809 | E22: =$E$10/($E$10+$C$10) -> 0.375 | F22: =B22^2*0.5 -> 0.0032 | G22: =-(B22^4) -> -4.096e-05 | H22: =F22*$F$7 -> 0.64 | I22: =G22*$F$7 -> -0.008192 | J22: =H22+I22 -> 0.631808 | K22: =$G$10+H22*$K$10 -> 196.39 | L22: =$G$10+I22 -> 195.74181 | M22: =C22*D22^(1-EXP(-5*B22))+(1-C22)*E22 -> 0.83295745 | N22: =M22*K22+(1-M22)*L22 -> 196.28172 | O22: =K22*M22 -> 163.58451 | P22: =(1-M22)*L22 -> 32.697212 | Q22: =P22+O22 -> 196.28172
B23: =B22+0.01 -> 0.09 | C23: =1-1/(1+EXP(-20*(B23-(($N$10+$M$10)/2)))) -> 0.99993872 | D23: =$D$10/($D$10+$B$10) -> 0.57446809 | E23: =$E$10/($E$10+$C$10) -> 0.375 | F23: =B23^2*0.5 -> 0.00405 | G23: =-(B23^4) -> -6.561e-05 | H23: =F23*$F$7 -> 0.81 | I23: =G23*$F$7 -> -0.013122 | J23: =H23+I23 -> 0.796878 | K23: =$G$10+H23*$K$10 -> 196.56 | L23: =$G$10+I23 -> 195.73688 | M23: =C23*D23^(1-EXP(-5*B23))+(1-C23)*E23 -> 0.8179944 | N23: =M23*K23+(1-M23)*L23 -> 196.41019 | O23: =K23*M23 -> 160.78498 | P23: =(1-M23)*L23 -> 35.625209 | Q23: =P23+O23 -> 196.41019
B24: =B23+0.01 -> 0.1 | C24: =1-1/(1+EXP(-20*(B24-(($N$10+$M$10)/2)))) -> 0.99992515 | D24: =$D$10/($D$10+$B$10) -> 0.57446809 | E24: =$E$10/($E$10+$C$10) -> 0.375 | F24: =B24^2*0.5 -> 0.005 | G24: =-(B24^4) -> -0.0001 | H24: =F24*$F$7 -> 1 | I24: =G24*$F$7 -> -0.02 | J24: =H24+I24 -> 0.98 | K24: =$G$10+H24*$K$10 -> 196.75 | L24: =$G$10+I24 -> 195.73 | M24: =C24*D24^(1-EXP(-5*B24))+(1-C24)*E24 -> 0.80400948 | N24: =M24*K24+(1-M24)*L24 -> 196.55009 | O24: =K24*M24 -> 158.18887 | P24: =(1-M24)*L24 -> 38.361224 | Q24: =P24+O24 -> 196.55009
B25: =B24+0.01 -> 0.11 | C25: =1-1/(1+EXP(-20*(B25-(($N$10+$M$10)/2)))) -> 0.99990858 | D25: =$D$10/($D$10+$B$10) -> 0.57446809 | E25: =$E$10/($E$10+$C$10) -> 0.375 | F25: =B25^2*0.5 -> 0.00605 | G25: =-(B25^4) -> -0.00014641 | H25: =F25*$F$7 -> 1.21 | I25: =G25*$F$7 -> -0.029282 | J25: =H25+I25 -> 1.180718 | K25: =$G$10+H25*$K$10 -> 196.96 | L25: =$G$10+I25 -> 195.72072 | M25: =C25*D25^(1-EXP(-5*B25))+(1-C25)*E25 -> 0.79092721 | N25: =M25*K25+(1-M25)*L25 -> 196.7009 | O25: =K25*M25 -> 155.78102 | P25: =(1-M25)*L25 -> 40.919877 | Q25: =P25+O25 -> 196.7009
B26: =B25+0.01 -> 0.12 | C26: =1-1/(1+EXP(-20*(B26-(($N$10+$M$10)/2)))) -> 0.99988835 | D26: =$D$10/($D$10+$B$10) -> 0.57446809 | E26: =$E$10/($E$10+$C$10) -> 0.375 | F26: =B26^2*0.5 -> 0.0072 | G26: =-(B26^4) -> -0.00020736 | H26: =F26*$F$7 -> 1.44 | I26: =G26*$F$7 -> -0.041472 | J26: =H26+I26 -> 1.398528 | K26: =$G$10+H26*$K$10 -> 197.19 | L26: =$G$10+I26 -> 195.70853 | M26: =C26*D26^(1-EXP(-5*B26))+(1-C26)*E26 -> 0.77867896 | N26: =M26*K26+(1-M26)*L26 -> 196.86212 | O26: =K26*M26 -> 153.5477 | P26: =(1-M26)*L26 -> 43.314416 | Q26: =P26+O26 -> 196.86212
B27: =B26+0.01 -> 0.13 | C27: =1-1/(1+EXP(-20*(B27-(($N$10+$M$10)/2)))) -> 0.99986363 | D27: =$D$10/($D$10+$B$10) -> 0.57446809 | E27: =$E$10/($E$10+$C$10) -> 0.375 | F27: =B27^2*0.5 -> 0.00845 | G27: =-(B27^4) -> -0.00028561 | H27: =F27*$F$7 -> 1.69 | I27: =G27*$F$7 -> -0.057122 | J27: =H27+I27 -> 1.632878 | K27: =$G$10+H27*$K$10 -> 197.44 | L27: =$G$10+I27 -> 195.69288 | M27: =C27*D27^(1-EXP(-5*B27))+(1-C27)*E27 -> 0.76720221 | N27: =M27*K27+(1-M27)*L27 -> 197.03327 | O27: =K27*M27 -> 151.4764 | P27: =(1-M27)*L27 -> 45.55687 | Q27: =P27+O27 -> 197.03327
... B114: =B113+0.01 -> 1 | C114: =1-1/(1+EXP(-20*(B114-(($N$10+$M$10)/2)))) -> 0.00020342698 | D114: =$D$10/($D$10+$B$10) -> 0.57446809 | E114: =$E$10/($E$10+$C$10) -> 0.375 | F114: =B114^2*0.5 -> 0.5 | G114: =-(B114^4) -> -1 | H114: =F114*$F$7 -> 100 | I114: =G114*$F$7 -> -200 | J114: =H114+I114 -> -100 | K114: =$G$10+H114*$K$10 -> 295.75 | L114: =$G$10+I114 -> -4.25 | M114: =C114*D114^(1-EXP(-5*B114))+(1-C114)*E114 -> 0.37504101 | N114: =M114*K114+(1-M114)*L114 -> 108.2623 | O114: =K114*M114 -> 110.91838 | P114: =(1-M114)*L114 -> -2.6560757 | Q114: =P114+O114 -> 108.2623
