Workbook

Sheet Graphs

Sheet Base runs
H1: Flow | M1: Final level (Specific flow for challenger) | S1: Nash
B2: Scenario Number | C2: x_i_0 | D2: y_i_0 | E2: x_j_0 | F2: y_j_0 | H2: x_i | I2: y_i | J2: x_j | K2: y_j | M2: x_i_final (best resp) | N2: y_i_final (best resp) | O2: x_j_final | P2: y_j_final | R2: scenario number | S2: x_i_nash | T2: y_i_nash | U2: x_j_nash | V2: y_j_nash
B3: 1 | C3: 5 | D3: 10 | E3: 5 | F3: 5 | H3: =M3-C3 -> 6 | I3: =N3-D3 -> 3 | J3: =O3-E3 -> 0 | K3: =P3-F3 -> 5 | M3: 11 | N3: 13 | O3: 5 | P3: 10 | R3: 1 | S3: 14 | T3: 11 | U3: 11 | V3: 5 | X3: check
B4: 2 | C4: 10 | D4: 15 | E4: 15 | F4: 30 | H4: =M4-C4 -> 0 | I4: =N4-D4 -> 16 | J4: =O4-E4 -> 5 | K4: =P4-F4 -> 10 | M4: 10 | N4: 31 | O4: 20 | P4: 40 | R4: 2 | S4: 12 | T4: 27 | U4: 15 | V4: 30 | X4: check
B5: 3 | C5: 5 | D5: 5 | E5: 5 | F5: 20 | H5: =M5-C5 -> 6 | I5: =N5-D5 -> 22 | J5: =O5-E5 -> 5 | K5: =P5-F5 -> 10 | M5: 11 | N5: 27 | O5: 10 | P5: 30 | R5: 3 | S5: 13 | T5: 21 | U5: 14 | V5: 20 | X5: check
B6: 4 | C6: 10 | D6: 5 | E6: 15 | F6: 5 | H6: =M6-C6 -> 6 | I6: =N6-D6 -> 8 | J6: =O6-E6 -> 5 | K6: =P6-F6 -> 5 | M6: 16 | N6: 13 | O6: 20 | P6: 10 | R6: 4 | S6: 15 | T6: 10 | U6: 15 | V6: 6 | X6: check
C8: Base Run
B9: Risk Aversion | C9: 1
B10: Resolve | C10: 1
B11: Pi | C11: 0.5
B12: Pj | C12: 0.5
B13: Qi | C13: 1
B14: Qj | C14: 1
B15: Budget | C15: 200
B16: ST1 | C16: 0.5
B17: ST | C17: 0.65

Sheet EU_j
B1: EU_j | C1: EU_j | D1: EU_j | E1: EU_j | F1: EU_j | G1: EU_j | H1: EU_j
B2: Scenario 1 | C2: Scenario 2 | D2: Scenario 3 | E2: Scenario 4 | F2: Scenario 5 | G2: Scenario 6 | H2: Scenario 7
A3: 0.01 | B3: 195.009 | C3: 187.51 | D3: 187.51 | E3: 192.51 | F3: 200.01 | G3: 200.009 | H3: 200.01 | I3: 0.01
A4: 0.02 | B4: 195.036 | C4: 187.538 | D4: 187.537 | E4: 192.538 | F4: 200.036 | G4: 200.036 | H4: 200.037 | I4: 0.02
A5: 0.03 | B5: 195.077 | C5: 187.585 | D5: 187.581 | E5: 192.583 | F5: 200.078 | G5: 200.077 | H5: 200.081 | I5: 0.03
A6: 0.04 | B6: 195.129 | C6: 187.649 | D6: 187.64 | E6: 192.644 | F6: 200.133 | G6: 200.131 | H6: 200.14 | I6: 0.04
A7: 0.05 | B7: 195.193 | C7: 187.728 | D7: 187.712 | E7: 192.719 | F7: 200.199 | G7: 200.196 | H7: 200.212 | I7: 0.05
A8: 0.06 | B8: 195.266 | C8: 187.824 | D8: 187.797 | E8: 192.809 | F8: 200.275 | G8: 200.27 | H8: 200.297 | I8: 0.06
A9: 0.07 | B9: 195.346 | C9: 187.934 | D9: 187.893 | E9: 192.911 | F9: 200.36 | G9: 200.353 | H9: 200.393 | I9: 0.07
A10: 0.08 | B10: 195.434 | C10: 188.059 | D10: 187.999 | E10: 193.026 | F10: 200.453 | G10: 200.443 | H10: 200.499 | I10: 0.08
A11: 0.09 | B11: 195.527 | C11: 188.198 | D11: 188.116 | E11: 193.152 | F11: 200.554 | G11: 200.54 | H11: 200.616 | I11: 0.09
A12: 0.1 | B12: 195.625 | C12: 188.35 | D12: 188.242 | E12: 193.289 | F12: 200.66 | G12: 200.642 | H12: 200.742 | I12: 0.1
A13: 0.11 | B13: 195.728 | C13: 188.515 | D13: 188.376 | E13: 193.437 | F13: 200.772 | G13: 200.749 | H13: 200.876 | I13: 0.11
A14: 0.12 | B14: 195.835 | C14: 188.692 | D14: 188.519 | E14: 193.595 | F14: 200.889 | G14: 200.861 | H14: 201.019 | I14: 0.12
... A102: 1 | B102: 125.427 | C102: 156.52 | D102: 145.392 | E102: 122.942 | F102: 112.499 | G102: 112.498 | H102: 149.999 | I102: 1
B104: 8 | C104: 7 | D104: 6 | E104: 5 | F104: 4 | G104: 3 | H104: 2
B105: =MAX(B3:B102) -> 197.841 | C105: =MAX(C3:C102) -> 200.261 | D105: =MAX(D3:D102) -> 194.117 | E105: =MAX(E3:E102) -> 200.943 | F105: =MAX(F3:F102) -> 203.567 | G105: =MAX(G3:G102) -> 203.158 | H105: =MAX(H3:H102) -> 206.485
B106: =VLOOKUP(B105,B3:$I$102,B104,FALSE) -> 0.35 | C106: =VLOOKUP(C105,C3:$I$102,C104,FALSE) -> 0.53 | D106: =VLOOKUP(D105,D3:$I$102,D104,FALSE) -> 0.5 | E106: =VLOOKUP(E105,E3:$I$102,E104,FALSE) -> 0.48 | F106: =VLOOKUP(F105,F3:$I$102,F104,FALSE) -> 0.38 | G106: =VLOOKUP(G105,G3:$I$102,G104,FALSE) -> 0.36 | H106: =VLOOKUP(H105,H3:$I$102,H104,FALSE) -> 0.48

Sheet P_i
B1: P_i Best Respo | C1: P_i Best Respo | D1: P_i Best Respo | E1: P_i Best Respo | F1: P_i Best Respo | G1: P_i Best Respo | H1: P_i Best Respo | J1: P_i_Nash | K1: P_i_Nash | L1: P_i_Nash | M1: P_i_Nash
B2: Scenario 1 | C2: Scenario 2 | D2: Scenario 3 | E2: Scenario 4 | F2: Scenario 5 | G2: Scenario 6 | H2: Scenario 7 | J2: Scenario 1 | K2: Scenario 2 | L2: Scenario 3 | M2: Scenario 4
A3: 0.01 | B3: 1.25412 | C3: 0.569547 | D3: 0.836039 | E3: 0.890504 | F3: 1.26837 | G3: 1.30951 | H3: 0.891388 | I3: 0.01 | J3: 1.19311 | K3: 0.746934 | L3: 0.860623 | M3: 1.03843
A4: 0.02 | B4: 1.25743 | C4: 0.571183 | D4: 0.838352 | E4: 0.89301 | F4: 1.27177 | G4: 1.31299 | H4: 0.893854 | I4: 0.02 | J4: 1.19638 | K4: 0.749036 | L4: 0.863027 | M4: 1.04132
A5: 0.03 | B5: 1.26256 | C5: 0.573848 | D5: 0.842038 | E5: 0.897046 | F5: 1.27708 | G5: 1.31841 | H5: 0.897785 | I5: 0.03 | J5: 1.20157 | K5: 0.752421 | L5: 0.866879 | M5: 1.04593
A6: 0.04 | B6: 1.26926 | C6: 0.577508 | D6: 0.846991 | E6: 0.902522 | F6: 1.28409 | G6: 1.32552 | H6: 0.903066 | I6: 0.04 | J6: 1.20851 | K6: 0.757014 | L6: 0.872085 | M6: 1.05216
A7: 0.05 | B7: 1.27735 | C7: 0.582136 | D7: 0.853126 | E7: 0.90937 | F7: 1.29261 | G7: 1.33414 | H7: 0.909607 | I7: 0.05 | J7: 1.21705 | K7: 0.762758 | L7: 0.878566 | M7: 1.05989
A8: 0.06 | B8: 1.28666 | C8: 0.587715 | D8: 0.860374 | E8: 0.917536 | F8: 1.3025 | G8: 1.34409 | H8: 0.917335 | I8: 0.06 | J8: 1.2271 | K8: 0.769607 | L8: 0.886262 | M8: 1.06906
A9: 0.07 | B9: 1.29706 | C9: 0.594236 | D9: 0.868679 | E9: 0.926978 | F9: 1.31365 | G9: 1.35526 | H9: 0.92619 | I9: 0.07 | J9: 1.23856 | K9: 0.777528 | L9: 0.895125 | M9: 1.07959
A10: 0.08 | B10: 1.30845 | C10: 0.601694 | D10: 0.877999 | E10: 0.937668 | F10: 1.32594 | G10: 1.36753 | H10: 0.936126 | I10: 0.08 | J10: 1.25136 | K10: 0.786494 | L10: 0.90512 | M10: 1.09144
A11: 0.09 | B11: 1.32072 | C11: 0.610093 | D11: 0.888295 | E11: 0.949583 | F11: 1.3393 | G11: 1.38081 | H11: 0.947105 | I11: 0.09 | J11: 1.26544 | K11: 0.796488 | L11: 0.916217 | M11: 1.10457
A12: 0.1 | B12: 1.33379 | C12: 0.619441 | D12: 0.899541 | E12: 0.96271 | F12: 1.35365 | G12: 1.39501 | H12: 0.959095 | I12: 0.1 | J12: 1.28075 | K12: 0.807499 | L12: 0.928395 | M12: 1.11895
A13: 0.11 | B13: 1.3476 | C13: 0.62975 | D13: 0.911711 | E13: 0.97704 | F13: 1.36891 | G13: 1.41006 | H13: 0.97207 | I13: 0.11 | J13: 1.29724 | K13: 0.819519 | L13: 0.941638 | M13: 1.13455
A14: 0.12 | B14: 1.36205 | C14: 0.641038 | D14: 0.924785 | E14: 0.992572 | F14: 1.38504 | G14: 1.42589 | H14: 0.98601 | I14: 0.12 | J14: 1.31487 | K14: 0.832547 | L14: 0.955935 | M14: 1.15136
... A102: 1 | B102: 0.00119243 | C102: 0.0256851 | D102: 0.01239 | E102: 0.000847931 | F102: 0.000200777 | G102: 0.00020726 | H102: 0.00599955 | I102: 1 | J102: 2.89888e-05 | K102: 0.0110748 | L102: 0.00401901 | M102: 0.000164519
B104: 8 | C104: 7 | D104: 6 | E104: 5 | F104: 4 | G104: 3 | H104: 2 | J104: =MAX(J3:J102) -> 2.00652 | K104: =MAX(K3:K102) -> 1.8353 | L104: =MAX(L3:L102) -> 1.84553 | M104: =MAX(M3:M102) -> 2.03774
B105: =MAX(B3:B102) -> 1.66462 | C105: =MAX(C3:C102) -> 2.03845 | D105: =MAX(D3:D102) -> 1.61872 | E105: =MAX(E3:E102) -> 2.06969 | F105: =MAX(F3:F102) -> 1.81036 | G105: =MAX(G3:G102) -> 1.79416 | H105: =MAX(H3:H102) -> 1.70332
B106: =VLOOKUP(B105,B3:$I$102,B104,FALSE) -> 0.35 | C106: =VLOOKUP(C105,C3:$I$102,C104,FALSE) -> 0.53 | D106: =VLOOKUP(D105,D3:$I$102,D104,FALSE) -> 0.5 | E106: =VLOOKUP(E105,E3:$I$102,E104,FALSE) -> 0.48 | F106: =VLOOKUP(F105,F3:$I$102,F104,FALSE) -> 0.38 | G106: =VLOOKUP(G105,G3:$I$102,G104,FALSE) -> 0.36 | H106: =VLOOKUP(H105,H3:$I$102,H104,FALSE) -> 0.48

Sheet Specific Runs

Sheet Scenario 2 Increased Risk Ap
H1: Flow | M1: Final level | R1: Nash
A2: Old number | B2: Scenario Number | C2: x_i_0 | D2: y_i_0 | E2: x_j_0 | F2: y_j_0 | H2: x_i | I2: y_i | J2: x_j | K2: y_j | M2: x_i_final (best resp) | N2: y_i_final (best resp) | O2: x_j_final | P2: y_j_final | R2: x_i_nash | S2: y_i_nash | T2: x_j_nash | U2: y_j_nash
A3: 8 | B3: 2 | C3: 10 | D3: 15 | E3: 15 | F3: 30 | H3: =M3-C3 -> 14 | I3: =N3-D3 -> 26 | J3: =O3-E3 -> 5 | K3: =P3-F3 -> 10 | M3: 24 | N3: 41 | O3: 20 | P3: 40 | R3: 23 | S3: 35 | T3: 15 | U3: 30
C5: Base Run | H5: Risk Aversion = 1 | I5: Risk Aversion = 2
B6: Risk Aversion | C6: 2 | G6: =P_i!A3 -> 0.01 | H6: =P_i!C3 -> 0.569547 | I6: 0.931324
B7: Resolve | C7: 1 | G7: =P_i!A4 -> 0.02 | H7: =P_i!C4 -> 0.571183 | I7: 0.933887
B8: Pi | C8: 0.5 | G8: =P_i!A5 -> 0.03 | H8: =P_i!C5 -> 0.573848 | I8: 0.93796
B9: Pj | C9: 0.5 | G9: =P_i!A6 -> 0.04 | H9: =P_i!C6 -> 0.577508 | I9: 0.943416
B10: Qi | C10: 1 | G10: =P_i!A7 -> 0.05 | H10: =P_i!C7 -> 0.582136 | I10: 0.950154
B11: Qj | C11: 1 | G11: =P_i!A8 -> 0.06 | H11: =P_i!C8 -> 0.587715 | I11: 0.958091
B12: Budget | C12: 200 | G12: =P_i!A9 -> 0.07 | H12: =P_i!C9 -> 0.594236 | I12: 0.967163
B13: ST1 | C13: 0.5 | G13: =P_i!A10 -> 0.08 | H13: =P_i!C10 -> 0.601694 | I13: 0.977313
B14: ST | C14: 0.65 | G14: =P_i!A11 -> 0.09 | H14: =P_i!C11 -> 0.610093 | I14: 0.988499
G15: =P_i!A12 -> 0.1 | H15: =P_i!C12 -> 0.619441 | I15: 1.00068
G16: =P_i!A13 -> 0.11 | H16: =P_i!C13 -> 0.62975 | I16: 1.01383
G17: =P_i!A14 -> 0.12 | H17: =P_i!C14 -> 0.641038 | I17: 1.02792
G18: =P_i!A15 -> 0.13 | H18: =P_i!C15 -> 0.653325 | I18: 1.04293
G19: =P_i!A16 -> 0.14 | H19: =P_i!C16 -> 0.666637 | I19: 1.05882
G20: =P_i!A17 -> 0.15 | H20: =P_i!C17 -> 0.681001 | I20: 1.07558
G21: =P_i!A18 -> 0.16 | H21: =P_i!C18 -> 0.696449 | I21: 1.09319
G22: =P_i!A19 -> 0.17 | H22: =P_i!C19 -> 0.713015 | I22: 1.11161
G23: =P_i!A20 -> 0.18 | H23: =P_i!C20 -> 0.730736 | I23: 1.13083
G24: =P_i!A21 -> 0.19 | H24: =P_i!C21 -> 0.749653 | I24: 1.15081
G25: =P_i!A22 -> 0.2 | H25: =P_i!C22 -> 0.769806 | I25: 1.17152
G26: =P_i!A23 -> 0.21 | H26: =P_i!C23 -> 0.79124 | I26: 1.19292
... G105: =P_i!A102 -> 1 | H105: =P_i!C102 -> 0.0256851 | I105: 0.0052082

Sheet Decreased Pi 025
H1: Flow | M1: Final level | R1: Nash
A2: Old number | B2: Scenario Number | C2: x_i_0 | D2: y_i_0 | E2: x_j_0 | F2: y_j_0 | H2: x_i | I2: y_i | J2: x_j | K2: y_j | M2: x_i_final (best resp) | N2: y_i_final (best resp) | O2: x_j_final | P2: y_j_final | R2: x_i_nash | S2: y_i_nash | T2: x_j_nash | U2: y_j_nash
A3: 3 | B3: 1 | C3: 5 | D3: 10 | E3: 5 | F3: 5 | H3: =M3-C3 -> 11 | I3: =N3-D3 -> 3 | J3: =O3-E3 -> 0 | K3: =P3-F3 -> 5 | M3: 16 | N3: 13 | O3: 5 | P3: 10 | R3: 17 | S3: 11 | T3: 5 | U3: 5 | V3: check
A4: 8 | B4: 2 | C4: 10 | D4: 15 | E4: 15 | F4: 30 | H4: =M4-C4 -> 10 | I4: =N4-D4 -> 18 | J4: =O4-E4 -> 5 | K4: =P4-F4 -> 10 | M4: 20 | N4: 33 | O4: 20 | P4: 40 | R4: 21 | S4: 28 | T4: 15 | U4: 30 | V4: check
A5: 9 | B5: 3 | C5: 5 | D5: 5 | E5: 5 | F5: 20 | H5: =M5-C5 -> 12 | I5: =N5-D5 -> 22 | J5: =O5-E5 -> 5 | K5: =P5-F5 -> 10 | M5: 17 | N5: 27 | O5: 10 | P5: 30 | R5: 16 | S5: 21 | T5: 6 | U5: 20 | V5: check
A6: 11 | B6: 4 | C6: 10 | D6: 5 | E6: 15 | F6: 5 | H6: =M6-C6 -> 16 | I6: =N6-D6 -> 8 | J6: 5 | K6: 5 | M6: 26 | N6: 13 | O6: 20 | P6: 10 | R6: 26 | S6: 11 | T6: 15 | U6: 7 | V6: check
C8: Base Run
B9: Risk Aversion | C9: 1 | I9: Custom Flow P_i | N9: Nash P_i
B10: Resolve | C10: 1 | I10: Scenario 1 | J10: Scenario 2 | K10: Scenario 3 | L10: Scenario 4 | N10: Scenario 1 | O10: Scenario 2 | P10: Scenario 3 | Q10: Scenario 4
B11: Pi | C11: 0.25 | H11: 0.01 | I11: 1.38162 | J11: 0.759726 | K11: 0.964042 | L11: 1.06153 | M11: 0.01 | N11: 1.58016 | O11: 0.928912 | P11: 1.20293 | Q11: 1.23583
B12: Pj | C12: 0.5 | H12: 0.02 | I12: 1.38516 | J12: 0.761839 | K12: 0.966636 | L12: 1.06444 | M12: 0.02 | N12: 1.58418 | O12: 0.931444 | P12: 1.20606 | Q12: 1.23915
B13: Qi | C13: 1 | H13: 0.03 | I13: 1.39054 | J13: 0.765218 | K13: 0.9707 | L13: 1.06905 | M13: 0.03 | N13: 1.59028 | O13: 0.935444 | P13: 1.21086 | Q13: 1.24435
B14: Qj | C14: 1 | H14: 0.04 | I14: 1.39745 | J14: 0.769773 | K14: 0.976073 | L14: 1.0752 | M14: 0.04 | N14: 1.5981 | O14: 0.940772 | P14: 1.21708 | Q14: 1.25122
B15: Budget | C15: 200 | H15: 0.05 | I15: 1.40564 | J15: 0.775431 | K15: 0.982624 | L15: 1.08277 | M15: 0.05 | N15: 1.60733 | O15: 0.947316 | P15: 1.22452 | Q15: 1.25959
B16: ST1 | C16: 0.5 | H16: 0.06 | I16: 1.41491 | J16: 0.782136 | K16: 0.990245 | L16: 1.09168 | M16: 0.06 | N16: 1.61774 | O16: 0.954984 | P16: 1.23301 | Q16: 1.26931
B17: ST | C17: 0.65 | H17: 0.07 | I17: 1.42509 | J17: 0.789841 | K17: 0.998849 | L17: 1.10182 | M17: 0.07 | N17: 1.62915 | O17: 0.963703 | P17: 1.24241 | Q17: 1.28028
H18: 0.08 | I18: 1.43604 | J18: 0.798511 | K18: 1.00836 | L18: 1.11315 | M18: 0.08 | N18: 1.64139 | O18: 0.973409 | P18: 1.25262 | Q18: 1.2924
H19: 0.09 | I19: 1.44766 | J19: 0.808117 | K19: 1.01872 | L19: 1.12559 | M19: 0.09 | N19: 1.65433 | O19: 0.984052 | P19: 1.26354 | Q19: 1.30559
H20: 0.1 | I20: 1.45983 | J20: 0.818638 | K20: 1.02987 | L20: 1.13911 | M20: 0.1 | N20: 1.66785 | O20: 0.995586 | P20: 1.27507 | Q20: 1.31978
H21: 0.11 | I21: 1.47245 | J21: 0.830055 | K21: 1.04176 | L21: 1.15367 | M21: 0.11 | N21: 1.68182 | O21: 1.00797 | P21: 1.28714 | Q21: 1.33489
H22: 0.12 | I22: 1.48544 | J22: 0.842355 | K22: 1.05434 | L22: 1.16923 | M22: 0.12 | N22: 1.69616 | O22: 1.02118 | P22: 1.29967 | Q22: 1.35088
H23: 0.13 | I23: 1.49871 | J23: 0.855527 | K23: 1.06758 | L23: 1.18575 | M23: 0.13 | N23: 1.71075 | O23: 1.03516 | P23: 1.31259 | Q23: 1.36769
H24: 0.14 | I24: 1.51216 | J24: 0.869561 | K24: 1.08142 | L24: 1.2032 | M24: 0.14 | N24: 1.7255 | O24: 1.0499 | P24: 1.32583 | Q24: 1.38525
H25: 0.15 | I25: 1.52572 | J25: 0.884448 | K25: 1.09584 | L25: 1.22156 | M25: 0.15 | N25: 1.7403 | O25: 1.06536 | P25: 1.33932 | Q25: 1.40351
H26: 0.16 | I26: 1.53929 | J26: 0.90018 | K26: 1.11077 | L26: 1.24079 | M26: 0.16 | N26: 1.75504 | O26: 1.08151 | P26: 1.35297 | Q26: 1.42242
H27: 0.17 | I27: 1.55276 | J27: 0.91675 | K27: 1.12617 | L27: 1.26085 | M27: 0.17 | N27: 1.76961 | O27: 1.09831 | P27: 1.3667 | Q27: 1.44191
H28: 0.18 | I28: 1.56604 | J28: 0.934145 | K28: 1.142 | L28: 1.2817 | M28: 0.18 | N28: 1.78389 | O28: 1.11572 | P28: 1.38044 | Q28: 1.4619
H29: 0.19 | I29: 1.57901 | J29: 0.952357 | K29: 1.15819 | L29: 1.30331 | M29: 0.19 | N29: 1.79775 | O29: 1.1337 | P29: 1.39409 | Q29: 1.48234
... H110: 1 | I110: 0.00131308 | J110: 0.0215434 | K110: 0.014278 | L110: 0.00101005 | M110: 1 | N110: 3.8344e-05 | O110: 0.0104824 | P110: 0.00560931 | Q110: 0.000296737
I112: =MAX(I11:I110) -> 1.66375 | J112: =MAX(J11:J110) -> 1.61434 | K112: =MAX(K11:K110) -> 1.42127 | L112: =MAX(L11:L110) -> 1.79065
I113: =VLOOKUP(I112,I11:$M$110,5,FALSE) -> 0.3 | J113: =VLOOKUP(J112,J11:$M$110,4,FALSE) -> 0.54 | K113: =VLOOKUP(K112,K11:$M$110,3,FALSE) -> 0.4 | L113: =VLOOKUP(L112,L11:$M$110,2,FALSE) -> 0.44

Sheet Increased Pi 075
H1: Flow | M1: Final level | R1: Nash
A2: Old number | B2: Scenario Number | C2: x_i_0 | D2: y_i_0 | E2: x_j_0 | F2: y_j_0 | H2: x_i | I2: y_i | J2: x_j | K2: y_j | M2: x_i_final (best resp) | N2: y_i_final (best resp) | O2: x_j_final | P2: y_j_final | R2: x_i_nash | S2: y_i_nash | T2: x_j_nash | U2: y_j_nash
A3: 3 | B3: 1 | C3: 5 | D3: 10 | E3: 5 | F3: 5 | H3: =M3-C3 -> 3 | I3: =N3-D3 -> 3 | J3: =O3-E3 -> 0 | K3: =P3-F3 -> 5 | M3: 8 | N3: 13 | O3: 5 | P3: 10 | R3: 10 | S3: 11 | T3: 13 | U3: 5
A4: 8 | B4: 2 | C4: 10 | D4: 15 | E4: 15 | F4: 30 | H4: =M4-C4 -> 0 | I4: =N4-D4 -> 16 | J4: =O4-E4 -> 5 | K4: =P4-F4 -> 10 | M4: 10 | N4: 31 | O4: 20 | P4: 40 | R4: 10 | S4: 27 | T4: 15 | U4: 30
A5: 9 | B5: 3 | C5: 5 | D5: 5 | E5: 5 | F5: 20 | H5: =M5-C5 -> 3 | I5: =N5-D5 -> 22 | J5: =O5-E5 -> 5 | K5: =P5-F5 -> 10 | M5: 8 | N5: 27 | O5: 10 | P5: 30 | R5: 9 | S5: 19 | T5: 14 | U5: 20
A6: 11 | B6: 4 | C6: 10 | D6: 5 | E6: 15 | F6: 5 | H6: =M6-C6 -> 1 | I6: =N6-D6 -> 8 | J6: =O6-E6 -> 5 | K6: =P6-F6 -> 5 | M6: 11 | N6: 13 | O6: 20 | P6: 10 | R6: 11 | S6: 10 | T6: 15 | U6: 6
C8: Base Run
B9: Risk Aversion | C9: 1
B10: Resolve | C10: 1 | I10: Scenario 1 | J10: Scenario 2 | K10: Scenario 3 | L10: Scenario 4 | N10: Scenario 1 | O10: Scenario 2 | P10: Scenario 3 | Q10: Scenario 4
B11: Pi | C11: 0.75 | H11: 0.01 | I11: 1.13813 | J11: 0.569547 | K11: 0.746934 | L11: 0.775714 | M11: 0.01 | N11: 0.996193 | O11: 0.699646 | P11: 0.713467 | Q11: 0.926279
B12: Pj | C12: 0.5 | H12: 0.02 | I12: 1.1412 | J12: 0.571183 | K12: 0.749036 | L12: 0.777933 | M12: 0.02 | N12: 0.999002 | O12: 0.701632 | P12: 0.715496 | Q12: 0.928897
B13: Qi | C13: 1 | H13: 0.03 | I13: 1.14603 | J13: 0.573848 | K13: 0.752421 | L13: 0.781543 | M13: 0.03 | N13: 1.00353 | O13: 0.704846 | P13: 0.718782 | Q13: 0.933123
B14: Qj | C14: 1 | H14: 0.04 | I14: 1.15243 | J14: 0.577508 | K14: 0.757014 | L14: 0.786489 | M14: 0.04 | N14: 1.00968 | O14: 0.70923 | P14: 0.723267 | Q14: 0.938871
B15: Budget | C15: 200 | H15: 0.05 | I15: 1.16026 | J15: 0.582136 | K15: 0.762758 | L15: 0.79273 | M15: 0.05 | N15: 1.01738 | O15: 0.714737 | P15: 0.728908 | Q15: 0.946076
B16: ST1 | C16: 0.5 | H16: 0.06 | I16: 1.16938 | J16: 0.587715 | K16: 0.769607 | L16: 0.800239 | M16: 0.06 | N16: 1.02657 | O16: 0.721334 | P16: 0.73567 | Q16: 0.954687
B17: ST | C17: 0.65 | H17: 0.07 | I17: 1.1797 | J17: 0.594236 | K17: 0.777528 | L17: 0.808998 | M17: 0.07 | N17: 1.03722 | O17: 0.728997 | P17: 0.743532 | Q17: 0.964666
H18: 0.08 | I18: 1.19114 | J18: 0.601694 | K18: 0.786494 | L18: 0.818999 | M18: 0.08 | N18: 1.04927 | O18: 0.737711 | P18: 0.752479 | Q18: 0.975988
H19: 0.09 | I19: 1.20362 | J19: 0.610093 | K19: 0.796488 | L19: 0.83024 | M19: 0.09 | N19: 1.06272 | O19: 0.747465 | P19: 0.762503 | Q19: 0.988634
H20: 0.1 | I20: 1.21709 | J20: 0.619441 | K20: 0.807499 | L20: 0.842729 | M20: 0.1 | N20: 1.07756 | O20: 0.758259 | P20: 0.773603 | Q20: 1.0026
H21: 0.11 | I21: 1.23148 | J21: 0.62975 | K21: 0.819519 | L21: 0.856477 | M21: 0.11 | N21: 1.09377 | O21: 0.770093 | P21: 0.785783 | Q21: 1.01787
H22: 0.12 | I22: 1.24675 | J22: 0.641038 | K22: 0.832547 | L22: 0.871502 | M22: 0.12 | N22: 1.11136 | O22: 0.782974 | P22: 0.799052 | Q22: 1.03446
H23: 0.13 | I23: 1.26285 | J23: 0.653325 | K23: 0.846583 | L23: 0.887828 | M23: 0.13 | N23: 1.13032 | O23: 0.796913 | P23: 0.813422 | Q23: 1.05237
H24: 0.14 | I24: 1.27973 | J24: 0.666637 | K24: 0.86163 | L24: 0.905481 | M24: 0.14 | N24: 1.15067 | O24: 0.811923 | P24: 0.828909 | Q24: 1.07162
H25: 0.15 | I25: 1.29734 | J25: 0.681001 | K25: 0.877694 | L25: 0.924493 | M25: 0.15 | N25: 1.17242 | O25: 0.82802 | P25: 0.845532 | Q25: 1.09221
H26: 0.16 | I26: 1.31563 | J26: 0.696449 | K26: 0.894781 | L26: 0.9449 | M26: 0.16 | N26: 1.19558 | O26: 0.845223 | P26: 0.863311 | Q26: 1.11416
H27: 0.17 | I27: 1.33455 | J27: 0.713015 | K27: 0.912898 | L27: 0.966738 | M27: 0.17 | N27: 1.22016 | O27: 0.863551 | P27: 0.882271 | Q27: 1.13749
H28: 0.18 | I28: 1.35405 | J28: 0.730736 | K28: 0.932053 | L28: 0.99005 | M28: 0.18 | N28: 1.24617 | O28: 0.883026 | P28: 0.902436 | Q28: 1.16221
H29: 0.19 | I29: 1.37406 | J29: 0.749653 | K29: 0.952252 | L29: 1.01488 | M29: 0.19 | N29: 1.27363 | O29: 0.90367 | P29: 0.923831 | Q29: 1.18835
... H110: 1 | I110: 0.00108261 | J110: 0.0256851 | K110: 0.0110748 | L110: 0.000739026 | M110: 1 | N110: 2.42224e-05 | O110: 0.0103764 | P110: 0.00705949 | Q110: 0.000146819
I112: =MAX(I11:I110) -> 1.71719 | J112: =MAX(J11:J110) -> 2.03845 | K112: =MAX(K11:K110) -> 1.8353 | L112: =MAX(L11:L110) -> 2.32612
I113: =VLOOKUP(I112,I11:$M$110,5,FALSE) -> 0.4 | J113: =VLOOKUP(J112,J11:$M$110,4,FALSE) -> 0.53 | K113: =VLOOKUP(K112,K11:$M$110,3,FALSE) -> 0.51 | L113: =VLOOKUP(L112,L11:$M$110,2,FALSE) -> 0.49
