Workbook

Sheet Graph
B2: Scenario 7a | C2: Scenario 7b
A3: 0 | B3: ='Scenario 7'!Q14 -> 196 | C3: ='Scenario 7a'!Q14 -> 200
A4: 0.01 | B4: ='Scenario 7'!Q15 -> 196.01468 | C4: ='Scenario 7a'!Q15 -> 200.01422
A5: 0.02 | B5: ='Scenario 7'!Q16 -> 196.05753 | C5: ='Scenario 7a'!Q16 -> 200.05404
A6: 0.03 | B6: ='Scenario 7'!Q17 -> 196.12693 | C6: ='Scenario 7a'!Q17 -> 200.11582
A7: 0.04 | B7: ='Scenario 7'!Q18 -> 196.22149 | C7: ='Scenario 7a'!Q18 -> 200.19657
A8: 0.05 | B8: ='Scenario 7'!Q19 -> 196.33996 | C8: ='Scenario 7a'!Q19 -> 200.29383
A9: 0.06 | B9: ='Scenario 7'!Q20 -> 196.48128 | C9: ='Scenario 7a'!Q20 -> 200.40555
A10: 0.07 | B10: ='Scenario 7'!Q21 -> 196.64449 | C10: ='Scenario 7a'!Q21 -> 200.53002
A11: 0.08 | B11: ='Scenario 7'!Q22 -> 196.82874 | C11: ='Scenario 7a'!Q22 -> 200.66581
A12: 0.09 | B12: ='Scenario 7'!Q23 -> 197.03328 | C12: ='Scenario 7a'!Q23 -> 200.81166
A13: 0.1 | B13: ='Scenario 7'!Q24 -> 197.25741 | C13: ='Scenario 7a'!Q24 -> 200.96651
A14: 0.11 | B14: ='Scenario 7'!Q25 -> 197.50052 | C14: ='Scenario 7a'!Q25 -> 201.12942
... A103: 1 | B103: ='Scenario 7'!Q114 -> 171.01031 | C103: ='Scenario 7a'!Q114 -> 174.98831

Sheet Scenario 7
C1: Lambda | D1: Relative Hybrid | E1: Relative Conventional | F1: gains | G1: losses | H1: GAINS | I1: LOSSES | J1: GAINS - LOSSES | K1: u(g) | L1: u(l) | M1: P(j) | N1: EU_j | O1: U(G) * Pj | P1: U(L)*(1-Pj) | Q1: EU_j
B3: X_i^0 | C3: Y_i^0 | D3: X_j^0 | E3: Y_j^0
B4: 10 | C4: 50 | D4: 10 | E4: 50
B6: X_i | C6: Y_i | D6: X_j | E6: Y_j | F6: B_j
B7: 0 | C7: 0 | D7: 8 | E7: 0 | F7: 200
B9: X_i_Tot | C9: Y_i_Tot | D9: X_j_Tot | E9: Y_j_Tot | G9: C_j | K9: Resolve | M9: Threshold s_t_0 | N9: Threshold (s_t)
B10: =B4+B7 -> 10 | C10: =C4+C7 -> 50 | D10: =D4+D7 -> 18 | E10: =E4+E7 -> 50 | G10: =F7-0.5*D7-E7 -> 196 | K10: 1.5 | M10: 0.5 | N10: 0.65 | Q10: Max EU_j | R10: =MAX(Q14:Q114) -> 215.95191
C13: Lambda | D13: Relative Hybrid | E13: Relative Conventional | F13: gains | G13: losses | H13: GAINS | I13: LOSSES | J13: GAINS - LOSSES | K13: u(g) | L13: u(l) | M13: P(j) | N13: EU_j | O13: U(G) * Pj | P13: U(L)*(1-Pj) | Q13: EU_j
B14: 0 | C14: =1-1/(1+EXP(-20*(B14-(($N$10+$M$10)/2)))) -> 0.99998987 | D14: =$D$10/($D$10+$B$10) -> 0.64285714 | E14: =$E$10/($E$10+$C$10) -> 0.5 | F14: =B14^2*0.5 -> 0 | G14: =-(B14^4) -> 0 | H14: =F14*$F$7 -> 0 | I14: =G14*$F$7 -> 0 | J14: =H14+I14 -> 0 | K14: =$G$10+H14*$K$10 -> 196 | L14: =$G$10+I14 -> 196 | M14: =C14*D14^(1-EXP(-5*B14))+(1-C14)*E14 -> 0.99999494 | N14: =M14*K14+(1-M14)*L14 -> 196 | O14: =K14*M14 -> 195.99901 | P14: =(1-M14)*L14 -> 0.00099273912 | Q14: =P14+O14 -> 196
B15: 0.01 | C15: =1-1/(1+EXP(-20*(B15-(($N$10+$M$10)/2)))) -> 0.99998763 | D15: =$D$10/($D$10+$B$10) -> 0.64285714 | E15: =$E$10/($E$10+$C$10) -> 0.5 | F15: =B15^2*0.5 -> 5e-05 | G15: =-(B15^4) -> -1e-08 | H15: =F15*$F$7 -> 0.01 | I15: =G15*$F$7 -> -2e-06 | J15: =H15+I15 -> 0.009998 | K15: =$G$10+H15*$K$10 -> 196.015 | L15: =$G$10+I15 -> 196 | M15: =C15*D15^(1-EXP(-5*B15))+(1-C15)*E15 -> 0.97867615 | N15: =M15*K15+(1-M15)*L15 -> 196.01468 | O15: =K15*M15 -> 191.83521 | P15: =(1-M15)*L15 -> 4.1794748 | Q15: =P15+O15 -> 196.01468
B16: =B15+0.01 -> 0.02 | C16: =1-1/(1+EXP(-20*(B16-(($N$10+$M$10)/2)))) -> 0.99998489 | D16: =$D$10/($D$10+$B$10) -> 0.64285714 | E16: =$E$10/($E$10+$C$10) -> 0.5 | F16: =B16^2*0.5 -> 0.0002 | G16: =-(B16^4) -> -1.6e-07 | H16: =F16*$F$7 -> 0.04 | I16: =G16*$F$7 -> -3.2e-05 | J16: =H16+I16 -> 0.039968 | K16: =$G$10+H16*$K$10 -> 196.06 | L16: =$G$10+I16 -> 195.99997 | M16: =C16*D16^(1-EXP(-5*B16))+(1-C16)*E16 -> 0.95881879 | N16: =M16*K16+(1-M16)*L16 -> 196.05753 | O16: =K16*M16 -> 187.98601 | P16: =(1-M16)*L16 -> 8.0715154 | Q16: =P16+O16 -> 196.05753
B17: =B16+0.01 -> 0.03 | C17: =1-1/(1+EXP(-20*(B17-(($N$10+$M$10)/2)))) -> 0.99998154 | D17: =$D$10/($D$10+$B$10) -> 0.64285714 | E17: =$E$10/($E$10+$C$10) -> 0.5 | F17: =B17^2*0.5 -> 0.00045 | G17: =-(B17^4) -> -8.1e-07 | H17: =F17*$F$7 -> 0.09 | I17: =G17*$F$7 -> -0.000162 | J17: =H17+I17 -> 0.089838 | K17: =$G$10+H17*$K$10 -> 196.135 | L17: =$G$10+I17 -> 195.99984 | M17: =C17*D17^(1-EXP(-5*B17))+(1-C17)*E17 -> 0.94030365 | N17: =M17*K17+(1-M17)*L17 -> 196.12693 | O17: =K17*M17 -> 184.42646 | P17: =(1-M17)*L17 -> 11.700474 | Q17: =P17+O17 -> 196.12693
B18: =B17+0.01 -> 0.04 | C18: =1-1/(1+EXP(-20*(B18-(($N$10+$M$10)/2)))) -> 0.99997746 | D18: =$D$10/($D$10+$B$10) -> 0.64285714 | E18: =$E$10/($E$10+$C$10) -> 0.5 | F18: =B18^2*0.5 -> 0.0008 | G18: =-(B18^4) -> -2.56e-06 | H18: =F18*$F$7 -> 0.16 | I18: =G18*$F$7 -> -0.000512 | J18: =H18+I18 -> 0.159488 | K18: =$G$10+H18*$K$10 -> 196.24 | L18: =$G$10+I18 -> 195.99949 | M18: =C18*D18^(1-EXP(-5*B18))+(1-C18)*E18 -> 0.9230231 | N18: =M18*K18+(1-M18)*L18 -> 196.22149 | O18: =K18*M18 -> 181.13405 | P18: =(1-M18)*L18 -> 15.087434 | Q18: =P18+O18 -> 196.22149
B19: =B18+0.01 -> 0.05 | C19: =1-1/(1+EXP(-20*(B19-(($N$10+$M$10)/2)))) -> 0.99997246 | D19: =$D$10/($D$10+$B$10) -> 0.64285714 | E19: =$E$10/($E$10+$C$10) -> 0.5 | F19: =B19^2*0.5 -> 0.00125 | G19: =-(B19^4) -> -6.25e-06 | H19: =F19*$F$7 -> 0.25 | I19: =G19*$F$7 -> -0.00125 | J19: =H19+I19 -> 0.24875 | K19: =$G$10+H19*$K$10 -> 196.375 | L19: =$G$10+I19 -> 195.99875 | M19: =C19*D19^(1-EXP(-5*B19))+(1-C19)*E19 -> 0.90687975 | N19: =M19*K19+(1-M19)*L19 -> 196.33996 | O19: =K19*M19 -> 178.08851 | P19: =(1-M19)*L19 -> 18.251452 | Q19: =P19+O19 -> 196.33996
B20: =B19+0.01 -> 0.06 | C20: =1-1/(1+EXP(-20*(B20-(($N$10+$M$10)/2)))) -> 0.99996637 | D20: =$D$10/($D$10+$B$10) -> 0.64285714 | E20: =$E$10/($E$10+$C$10) -> 0.5 | F20: =B20^2*0.5 -> 0.0018 | G20: =-(B20^4) -> -1.296e-05 | H20: =F20*$F$7 -> 0.36 | I20: =G20*$F$7 -> -0.002592 | J20: =H20+I20 -> 0.357408 | K20: =$G$10+H20*$K$10 -> 196.54 | L20: =$G$10+I20 -> 195.99741 | M20: =C20*D20^(1-EXP(-5*B20))+(1-C20)*E20 -> 0.89178539 | N20: =M20*K20+(1-M20)*L20 -> 196.48128 | O20: =K20*M20 -> 175.2715 | P20: =(1-M20)*L20 -> 21.209784 | Q20: =P20+O20 -> 196.48128
B21: =B20+0.01 -> 0.07 | C21: =1-1/(1+EXP(-20*(B21-(($N$10+$M$10)/2)))) -> 0.99995892 | D21: =$D$10/($D$10+$B$10) -> 0.64285714 | E21: =$E$10/($E$10+$C$10) -> 0.5 | F21: =B21^2*0.5 -> 0.00245 | G21: =-(B21^4) -> -2.401e-05 | H21: =F21*$F$7 -> 0.49 | I21: =G21*$F$7 -> -0.004802 | J21: =H21+I21 -> 0.485198 | K21: =$G$10+H21*$K$10 -> 196.735 | L21: =$G$10+I21 -> 195.9952 | M21: =C21*D21^(1-EXP(-5*B21))+(1-C21)*E21 -> 0.87765987 | N21: =M21*K21+(1-M21)*L21 -> 196.64449 | O21: =K21*M21 -> 172.66641 | P21: =(1-M21)*L21 -> 23.978078 | Q21: =P21+O21 -> 196.64449
B22: =B21+0.01 -> 0.08 | C22: =1-1/(1+EXP(-20*(B22-(($N$10+$M$10)/2)))) -> 0.99994983 | D22: =$D$10/($D$10+$B$10) -> 0.64285714 | E22: =$E$10/($E$10+$C$10) -> 0.5 | F22: =B22^2*0.5 -> 0.0032 | G22: =-(B22^4) -> -4.096e-05 | H22: =F22*$F$7 -> 0.64 | I22: =G22*$F$7 -> -0.008192 | J22: =H22+I22 -> 0.631808 | K22: =$G$10+H22*$K$10 -> 196.96 | L22: =$G$10+I22 -> 195.99181 | M22: =C22*D22^(1-EXP(-5*B22))+(1-C22)*E22 -> 0.86443034 | N22: =M22*K22+(1-M22)*L22 -> 196.82874 | O22: =K22*M22 -> 170.2582 | P22: =(1-M22)*L22 -> 26.570543 | Q22: =P22+O22 -> 196.82874
B23: =B22+0.01 -> 0.09 | C23: =1-1/(1+EXP(-20*(B23-(($N$10+$M$10)/2)))) -> 0.99993872 | D23: =$D$10/($D$10+$B$10) -> 0.64285714 | E23: =$E$10/($E$10+$C$10) -> 0.5 | F23: =B23^2*0.5 -> 0.00405 | G23: =-(B23^4) -> -6.561e-05 | H23: =F23*$F$7 -> 0.81 | I23: =G23*$F$7 -> -0.013122 | J23: =H23+I23 -> 0.796878 | K23: =$G$10+H23*$K$10 -> 197.215 | L23: =$G$10+I23 -> 195.98688 | M23: =C23*D23^(1-EXP(-5*B23))+(1-C23)*E23 -> 0.8520304 | N23: =M23*K23+(1-M23)*L23 -> 197.03328 | O23: =K23*M23 -> 168.03318 | P23: =(1-M23)*L23 -> 29.0001 | Q23: =P23+O23 -> 197.03328
B24: =B23+0.01 -> 0.1 | C24: =1-1/(1+EXP(-20*(B24-(($N$10+$M$10)/2)))) -> 0.99992515 | D24: =$D$10/($D$10+$B$10) -> 0.64285714 | E24: =$E$10/($E$10+$C$10) -> 0.5 | F24: =B24^2*0.5 -> 0.005 | G24: =-(B24^4) -> -0.0001 | H24: =F24*$F$7 -> 1 | I24: =G24*$F$7 -> -0.02 | J24: =H24+I24 -> 0.98 | K24: =$G$10+H24*$K$10 -> 197.5 | L24: =$G$10+I24 -> 195.98 | M24: =C24*D24^(1-EXP(-5*B24))+(1-C24)*E24 -> 0.84039945 | N24: =M24*K24+(1-M24)*L24 -> 197.25741 | O24: =K24*M24 -> 165.97889 | P24: =(1-M24)*L24 -> 31.278515 | Q24: =P24+O24 -> 197.25741
B25: =B24+0.01 -> 0.11 | C25: =1-1/(1+EXP(-20*(B25-(($N$10+$M$10)/2)))) -> 0.99990858 | D25: =$D$10/($D$10+$B$10) -> 0.64285714 | E25: =$E$10/($E$10+$C$10) -> 0.5 | F25: =B25^2*0.5 -> 0.00605 | G25: =-(B25^4) -> -0.00014641 | H25: =F25*$F$7 -> 1.21 | I25: =G25*$F$7 -> -0.029282 | J25: =H25+I25 -> 1.180718 | K25: =$G$10+H25*$K$10 -> 197.815 | L25: =$G$10+I25 -> 195.97072 | M25: =C25*D25^(1-EXP(-5*B25))+(1-C25)*E25 -> 0.8294821 | N25: =M25*K25+(1-M25)*L25 -> 197.50052 | O25: =K25*M25 -> 164.084 | P25: =(1-M25)*L25 -> 33.416515 | Q25: =P25+O25 -> 197.50052
B26: =B25+0.01 -> 0.12 | C26: =1-1/(1+EXP(-20*(B26-(($N$10+$M$10)/2)))) -> 0.99988835 | D26: =$D$10/($D$10+$B$10) -> 0.64285714 | E26: =$E$10/($E$10+$C$10) -> 0.5 | F26: =B26^2*0.5 -> 0.0072 | G26: =-(B26^4) -> -0.00020736 | H26: =F26*$F$7 -> 1.44 | I26: =G26*$F$7 -> -0.041472 | J26: =H26+I26 -> 1.398528 | K26: =$G$10+H26*$K$10 -> 198.16 | L26: =$G$10+I26 -> 195.95853 | M26: =C26*D26^(1-EXP(-5*B26))+(1-C26)*E26 -> 0.81922762 | N26: =M26*K26+(1-M26)*L26 -> 197.76203 | O26: =K26*M26 -> 162.33815 | P26: =(1-M26)*L26 -> 35.423889 | Q26: =P26+O26 -> 197.76203
B27: =B26+0.01 -> 0.13 | C27: =1-1/(1+EXP(-20*(B27-(($N$10+$M$10)/2)))) -> 0.99986363 | D27: =$D$10/($D$10+$B$10) -> 0.64285714 | E27: =$E$10/($E$10+$C$10) -> 0.5 | F27: =B27^2*0.5 -> 0.00845 | G27: =-(B27^4) -> -0.00028561 | H27: =F27*$F$7 -> 1.69 | I27: =G27*$F$7 -> -0.057122 | J27: =H27+I27 -> 1.632878 | K27: =$G$10+H27*$K$10 -> 198.535 | L27: =$G$10+I27 -> 195.94288 | M27: =C27*D27^(1-EXP(-5*B27))+(1-C27)*E27 -> 0.80958947 | N27: =M27*K27+(1-M27)*L27 -> 198.04143 | O27: =K27*M27 -> 160.73185 | P27: =(1-M27)*L27 -> 37.309587 | Q27: =P27+O27 -> 198.04143
... B114: =B113+0.01 -> 1 | C114: =1-1/(1+EXP(-20*(B114-(($N$10+$M$10)/2)))) -> 0.00020342698 | D114: =$D$10/($D$10+$B$10) -> 0.64285714 | E114: =$E$10/($E$10+$C$10) -> 0.5 | F114: =B114^2*0.5 -> 0.5 | G114: =-(B114^4) -> -1 | H114: =F114*$F$7 -> 100 | I114: =G114*$F$7 -> -200 | J114: =H114+I114 -> -100 | K114: =$G$10+H114*$K$10 -> 346 | L114: =$G$10+I114 -> -4 | M114: =C114*D114^(1-EXP(-5*B114))+(1-C114)*E114 -> 0.50002945 | N114: =M114*K114+(1-M114)*L114 -> 171.01031 | O114: =K114*M114 -> 173.01019 | P114: =(1-M114)*L114 -> -1.9998822 | Q114: =P114+O114 -> 171.01031

Sheet Scenario 7a
C1: Lambda | D1: Relative Hybrid | E1: Relative Conventional | F1: gains | G1: losses | H1: GAINS | I1: LOSSES | J1: GAINS - LOSSES | K1: u(g) | L1: u(l) | M1: P(j) | N1: EU_j | O1: U(G) * Pj | P1: U(L)*(1-Pj) | Q1: EU_j
B3: X_i^0 | C3: Y_i^0 | D3: X_j^0 | E3: Y_j^0
B4: 10 | C4: 50 | D4: 10 | E4: 50
B6: X_i | C6: Y_i | D6: X_j | E6: Y_j | F6: B_j
B7: 10 | C7: 0 | D7: 0 | E7: 0 | F7: 200
B9: X_i_Tot | C9: Y_i_Tot | D9: X_j_Tot | E9: Y_j_Tot | G9: C_j | K9: Resolve | M9: Threshold s_t_0 | N9: Threshold (s_t)
B10: =B4+B7 -> 20 | C10: =C4+C7 -> 50 | D10: =D4+D7 -> 10 | E10: =E4+E7 -> 50 | G10: =F7-0.5*D7-E7 -> 200 | K10: 1.5 | M10: 0.5 | N10: 0.65 | Q10: Max EU_j | R10: =MAX(Q14:Q114) -> 211.41219
C13: Lambda | D13: Relative Hybrid | E13: Relative Conventional | F13: gains | G13: losses | H13: GAINS | I13: LOSSES | J13: GAINS - LOSSES | K13: u(g) | L13: u(l) | M13: P(j) | N13: EU_j | O13: U(G) * Pj | P13: U(L)*(1-Pj) | Q13: EU_j
B14: 0 | C14: =1-1/(1+EXP(-20*(B14-(($N$10+$M$10)/2)))) -> 0.99998987 | D14: =$D$10/($D$10+$B$10) -> 0.33333333 | E14: =$E$10/($E$10+$C$10) -> 0.5 | F14: =B14^2*0.5 -> 0 | G14: =-(B14^4) -> 0 | H14: =F14*$F$7 -> 0 | I14: =G14*$F$7 -> 0 | J14: =H14+I14 -> 0 | K14: =$G$10+H14*$K$10 -> 200 | L14: =$G$10+I14 -> 200 | M14: =C14*D14^(1-EXP(-5*B14))+(1-C14)*E14 -> 0.99999494 | N14: =M14*K14+(1-M14)*L14 -> 200 | O14: =K14*M14 -> 199.99899 | P14: =(1-M14)*L14 -> 0.0010129991 | Q14: =P14+O14 -> 200
B15: 0.01 | C15: =1-1/(1+EXP(-20*(B15-(($N$10+$M$10)/2)))) -> 0.99998763 | D15: =$D$10/($D$10+$B$10) -> 0.33333333 | E15: =$E$10/($E$10+$C$10) -> 0.5 | F15: =B15^2*0.5 -> 5e-05 | G15: =-(B15^4) -> -1e-08 | H15: =F15*$F$7 -> 0.01 | I15: =G15*$F$7 -> -2e-06 | J15: =H15+I15 -> 0.009998 | K15: =$G$10+H15*$K$10 -> 200.015 | L15: =$G$10+I15 -> 200 | M15: =C15*D15^(1-EXP(-5*B15))+(1-C15)*E15 -> 0.94782461 | N15: =M15*K15+(1-M15)*L15 -> 200.01422 | O15: =K15*M15 -> 189.57914 | P15: =(1-M15)*L15 -> 10.435077 | Q15: =P15+O15 -> 200.01422
B16: =B15+0.01 -> 0.02 | C16: =1-1/(1+EXP(-20*(B16-(($N$10+$M$10)/2)))) -> 0.99998489 | D16: =$D$10/($D$10+$B$10) -> 0.33333333 | E16: =$E$10/($E$10+$C$10) -> 0.5 | F16: =B16^2*0.5 -> 0.0002 | G16: =-(B16^4) -> -1.6e-07 | H16: =F16*$F$7 -> 0.04 | I16: =G16*$F$7 -> -3.2e-05 | J16: =H16+I16 -> 0.039968 | K16: =$G$10+H16*$K$10 -> 200.06 | L16: =$G$10+I16 -> 199.99997 | M16: =C16*D16^(1-EXP(-5*B16))+(1-C16)*E16 -> 0.9007266 | N16: =M16*K16+(1-M16)*L16 -> 200.05404 | O16: =K16*M16 -> 180.19936 | P16: =(1-M16)*L16 -> 19.854676 | Q16: =P16+O16 -> 200.05404
B17: =B16+0.01 -> 0.03 | C17: =1-1/(1+EXP(-20*(B17-(($N$10+$M$10)/2)))) -> 0.99998154 | D17: =$D$10/($D$10+$B$10) -> 0.33333333 | E17: =$E$10/($E$10+$C$10) -> 0.5 | F17: =B17^2*0.5 -> 0.00045 | G17: =-(B17^4) -> -8.1e-07 | H17: =F17*$F$7 -> 0.09 | I17: =G17*$F$7 -> -0.000162 | J17: =H17+I17 -> 0.089838 | K17: =$G$10+H17*$K$10 -> 200.135 | L17: =$G$10+I17 -> 199.99984 | M17: =C17*D17^(1-EXP(-5*B17))+(1-C17)*E17 -> 0.85809915 | N17: =M17*K17+(1-M17)*L17 -> 200.11582 | O17: =K17*M17 -> 171.73567 | P17: =(1-M17)*L17 -> 28.380148 | Q17: =P17+O17 -> 200.11582
B18: =B17+0.01 -> 0.04 | C18: =1-1/(1+EXP(-20*(B18-(($N$10+$M$10)/2)))) -> 0.99997746 | D18: =$D$10/($D$10+$B$10) -> 0.33333333 | E18: =$E$10/($E$10+$C$10) -> 0.5 | F18: =B18^2*0.5 -> 0.0008 | G18: =-(B18^4) -> -2.56e-06 | H18: =F18*$F$7 -> 0.16 | I18: =G18*$F$7 -> -0.000512 | J18: =H18+I18 -> 0.159488 | K18: =$G$10+H18*$K$10 -> 200.24 | L18: =$G$10+I18 -> 199.99949 | M18: =C18*D18^(1-EXP(-5*B18))+(1-C18)*E18 -> 0.81942418 | N18: =M18*K18+(1-M18)*L18 -> 200.19657 | O18: =K18*M18 -> 164.0815 | P18: =(1-M18)*L18 -> 36.115072 | Q18: =P18+O18 -> 200.19657
B19: =B18+0.01 -> 0.05 | C19: =1-1/(1+EXP(-20*(B19-(($N$10+$M$10)/2)))) -> 0.99997246 | D19: =$D$10/($D$10+$B$10) -> 0.33333333 | E19: =$E$10/($E$10+$C$10) -> 0.5 | F19: =B19^2*0.5 -> 0.00125 | G19: =-(B19^4) -> -6.25e-06 | H19: =F19*$F$7 -> 0.25 | I19: =G19*$F$7 -> -0.00125 | J19: =H19+I19 -> 0.24875 | K19: =$G$10+H19*$K$10 -> 200.375 | L19: =$G$10+I19 -> 199.99875 | M19: =C19*D19^(1-EXP(-5*B19))+(1-C19)*E19 -> 0.78425414 | N19: =M19*K19+(1-M19)*L19 -> 200.29383 | O19: =K19*M19 -> 157.14492 | P19: =(1-M19)*L19 -> 43.148903 | Q19: =P19+O19 -> 200.29383
B20: =B19+0.01 -> 0.06 | C20: =1-1/(1+EXP(-20*(B20-(($N$10+$M$10)/2)))) -> 0.99996637 | D20: =$D$10/($D$10+$B$10) -> 0.33333333 | E20: =$E$10/($E$10+$C$10) -> 0.5 | F20: =B20^2*0.5 -> 0.0018 | G20: =-(B20^4) -> -1.296e-05 | H20: =F20*$F$7 -> 0.36 | I20: =G20*$F$7 -> -0.002592 | J20: =H20+I20 -> 0.357408 | K20: =$G$10+H20*$K$10 -> 200.54 | L20: =$G$10+I20 -> 199.99741 | M20: =C20*D20^(1-EXP(-5*B20))+(1-C20)*E20 -> 0.7522011 | N20: =M20*K20+(1-M20)*L20 -> 200.40555 | O20: =K20*M20 -> 150.84641 | P20: =(1-M20)*L20 -> 49.559137 | Q20: =P20+O20 -> 200.40555
B21: =B20+0.01 -> 0.07 | C21: =1-1/(1+EXP(-20*(B21-(($N$10+$M$10)/2)))) -> 0.99995892 | D21: =$D$10/($D$10+$B$10) -> 0.33333333 | E21: =$E$10/($E$10+$C$10) -> 0.5 | F21: =B21^2*0.5 -> 0.00245 | G21: =-(B21^4) -> -2.401e-05 | H21: =F21*$F$7 -> 0.49 | I21: =G21*$F$7 -> -0.004802 | J21: =H21+I21 -> 0.485198 | K21: =$G$10+H21*$K$10 -> 200.735 | L21: =$G$10+I21 -> 199.9952 | M21: =C21*D21^(1-EXP(-5*B21))+(1-C21)*E21 -> 0.72292777 | N21: =M21*K21+(1-M21)*L21 -> 200.53002 | O21: =K21*M21 -> 145.11691 | P21: =(1-M21)*L21 -> 55.413115 | Q21: =P21+O21 -> 200.53002
B22: =B21+0.01 -> 0.08 | C22: =1-1/(1+EXP(-20*(B22-(($N$10+$M$10)/2)))) -> 0.99994983 | D22: =$D$10/($D$10+$B$10) -> 0.33333333 | E22: =$E$10/($E$10+$C$10) -> 0.5 | F22: =B22^2*0.5 -> 0.0032 | G22: =-(B22^4) -> -4.096e-05 | H22: =F22*$F$7 -> 0.64 | I22: =G22*$F$7 -> -0.008192 | J22: =H22+I22 -> 0.631808 | K22: =$G$10+H22*$K$10 -> 200.96 | L22: =$G$10+I22 -> 199.99181 | M22: =C22*D22^(1-EXP(-5*B22))+(1-C22)*E22 -> 0.69613993 | N22: =M22*K22+(1-M22)*L22 -> 200.66581 | O22: =K22*M22 -> 139.89628 | P22: =(1-M22)*L22 -> 60.769524 | Q22: =P22+O22 -> 200.66581
B23: =B22+0.01 -> 0.09 | C23: =1-1/(1+EXP(-20*(B23-(($N$10+$M$10)/2)))) -> 0.99993872 | D23: =$D$10/($D$10+$B$10) -> 0.33333333 | E23: =$E$10/($E$10+$C$10) -> 0.5 | F23: =B23^2*0.5 -> 0.00405 | G23: =-(B23^4) -> -6.561e-05 | H23: =F23*$F$7 -> 0.81 | I23: =G23*$F$7 -> -0.013122 | J23: =H23+I23 -> 0.796878 | K23: =$G$10+H23*$K$10 -> 201.215 | L23: =$G$10+I23 -> 199.98688 | M23: =C23*D23^(1-EXP(-5*B23))+(1-C23)*E23 -> 0.67158021 | N23: =M23*K23+(1-M23)*L23 -> 200.81166 | O23: =K23*M23 -> 135.13201 | P23: =(1-M23)*L23 -> 65.679649 | Q23: =P23+O23 -> 200.81166
B24: =B23+0.01 -> 0.1 | C24: =1-1/(1+EXP(-20*(B24-(($N$10+$M$10)/2)))) -> 0.99992515 | D24: =$D$10/($D$10+$B$10) -> 0.33333333 | E24: =$E$10/($E$10+$C$10) -> 0.5 | F24: =B24^2*0.5 -> 0.005 | G24: =-(B24^4) -> -0.0001 | H24: =F24*$F$7 -> 1 | I24: =G24*$F$7 -> -0.02 | J24: =H24+I24 -> 0.98 | K24: =$G$10+H24*$K$10 -> 201.5 | L24: =$G$10+I24 -> 199.98 | M24: =C24*D24^(1-EXP(-5*B24))+(1-C24)*E24 -> 0.6490228 | N24: =M24*K24+(1-M24)*L24 -> 200.96651 | O24: =K24*M24 -> 130.77809 | P24: =(1-M24)*L24 -> 70.188421 | Q24: =P24+O24 -> 200.96651
B25: =B24+0.01 -> 0.11 | C25: =1-1/(1+EXP(-20*(B25-(($N$10+$M$10)/2)))) -> 0.99990858 | D25: =$D$10/($D$10+$B$10) -> 0.33333333 | E25: =$E$10/($E$10+$C$10) -> 0.5 | F25: =B25^2*0.5 -> 0.00605 | G25: =-(B25^4) -> -0.00014641 | H25: =F25*$F$7 -> 1.21 | I25: =G25*$F$7 -> -0.029282 | J25: =H25+I25 -> 1.180718 | K25: =$G$10+H25*$K$10 -> 201.815 | L25: =$G$10+I25 -> 199.97072 | M25: =C25*D25^(1-EXP(-5*B25))+(1-C25)*E25 -> 0.62826904 | N25: =M25*K25+(1-M25)*L25 -> 201.12942 | O25: =K25*M25 -> 126.79412 | P25: =(1-M25)*L25 -> 74.335308 | Q25: =P25+O25 -> 201.12942
B26: =B25+0.01 -> 0.12 | C26: =1-1/(1+EXP(-20*(B26-(($N$10+$M$10)/2)))) -> 0.99988835 | D26: =$D$10/($D$10+$B$10) -> 0.33333333 | E26: =$E$10/($E$10+$C$10) -> 0.5 | F26: =B26^2*0.5 -> 0.0072 | G26: =-(B26^4) -> -0.00020736 | H26: =F26*$F$7 -> 1.44 | I26: =G26*$F$7 -> -0.041472 | J26: =H26+I26 -> 1.398528 | K26: =$G$10+H26*$K$10 -> 202.16 | L26: =$G$10+I26 -> 199.95853 | M26: =C26*D26^(1-EXP(-5*B26))+(1-C26)*E26 -> 0.60914369 | N26: =M26*K26+(1-M26)*L26 -> 201.29954 | O26: =K26*M26 -> 123.14449 | P26: =(1-M26)*L26 -> 78.155052 | Q26: =P26+O26 -> 201.29954
B27: =B26+0.01 -> 0.13 | C27: =1-1/(1+EXP(-20*(B27-(($N$10+$M$10)/2)))) -> 0.99986363 | D27: =$D$10/($D$10+$B$10) -> 0.33333333 | E27: =$E$10/($E$10+$C$10) -> 0.5 | F27: =B27^2*0.5 -> 0.00845 | G27: =-(B27^4) -> -0.00028561 | H27: =F27*$F$7 -> 1.69 | I27: =G27*$F$7 -> -0.057122 | J27: =H27+I27 -> 1.632878 | K27: =$G$10+H27*$K$10 -> 202.535 | L27: =$G$10+I27 -> 199.94288 | M27: =C27*D27^(1-EXP(-5*B27))+(1-C27)*E27 -> 0.59149179 | N27: =M27*K27+(1-M27)*L27 -> 201.4761 | O27: =K27*M27 -> 119.79779 | P27: =(1-M27)*L27 -> 81.678308 | Q27: =P27+O27 -> 201.4761
... B114: =B113+0.01 -> 1 | C114: =1-1/(1+EXP(-20*(B114-(($N$10+$M$10)/2)))) -> 0.00020342698 | D114: =$D$10/($D$10+$B$10) -> 0.33333333 | E114: =$E$10/($E$10+$C$10) -> 0.5 | F114: =B114^2*0.5 -> 0.5 | G114: =-(B114^4) -> -1 | H114: =F114*$F$7 -> 100 | I114: =G114*$F$7 -> -200 | J114: =H114+I114 -> -100 | K114: =$G$10+H114*$K$10 -> 350 | L114: =$G$10+I114 -> -5.4001248e-13 | M114: =C114*D114^(1-EXP(-5*B114))+(1-C114)*E114 -> 0.4999666 | N114: =M114*K114+(1-M114)*L114 -> 174.98831 | O114: =K114*M114 -> 174.98831 | P114: =(1-M114)*L114 -> -2.7002428e-13 | Q114: =P114+O114 -> 174.98831
